url,page_type,http_status,last_updated,freshness_label,days_since_update,word_count,canonical_self,rating,review_count,eeat_total,grade,content_changed
https://www.bikedekho.com/aprilia/sr-125,model_page,200,2026-04-18,stale,175,3377,True,4.3,50,80,A,True
https://www.bikedekho.com/aprilia/storm-125,model_page,200,2025-09-26,very_stale,379,3466,True,4.3,45,77,B,True
https://www.bikedekho.com/aprilia/rs-660,model_page,200,2026-03-17,very_stale,207,2715,True,4.3,4,77,B,True
https://www.bikedekho.com/aprilia/tuono-660,model_page,200,2025-09-26,very_stale,379,2358,True,4.4,206,74,B,True
https://www.bikedekho.com/aprilia/sr-160-bs6,model_page,200,2026-10-08,fresh,2,3353,True,4.2,65,90,A,True
https://www.bikedekho.com/aprilia/rsv4,model_page,200,2026-03-24,very_stale,200,2493,True,4.2,4,77,B,True
https://www.bikedekho.com/aprilia/rs-457,model_page,200,2026-10-07,fresh,3,4153,True,4.5,74,90,A,True
https://www.bikedekho.com/aprilia/tuono-457,model_page,200,2026-10-09,fresh,1,4847,True,4.4,16,89,A,True
https://www.bikedekho.com/aprilia/tuareg-660,model_page,200,2026-06-09,stale,123,2321,True,4.4,5,72,B,True
https://www.bikedekho.com/aprilia/sr-175-hp-e,model_page,200,2026-02-27,very_stale,225,3666,True,4.4,2,77,B,True
https://www.bikedekho.com/aprilia/sr-125-hp-e,model_page,200,2026-06-22,stale,110,1896,True,4.2,1601,73,B,True
https://www.bikedekho.com/aprilia/sr-gt-400,model_page,200,2026-02-07,very_stale,245,568,True,,,45,D,True
https://www.bikedekho.com/aprilia/sxr-175,model_page,200,2026-10-08,fresh,2,1813,True,4.4,485,90,A,True
https://www.bikedekho.com/aprilia/sxr-gt-125,model_page,200,2026-10-06,fresh,4,1578,True,4.2,1601,83,A,True
https://www.bikedekho.com/avon/e-scoot,model_page,200,2026-02-09,very_stale,243,2795,True,4.4,45,77,B,True
https://www.bikedekho.com/avon/e-mate,model_page,200,2025-12-08,very_stale,306,2064,True,4.5,4,77,B,True
https://www.bikedekho.com/avon/e-zap-dx,model_page,200,2025-12-08,very_stale,306,1425,True,4.4,485,71,B,True
https://www.bikedekho.com/avon/e-trust-900,model_page,200,2025-12-08,very_stale,306,1564,True,4.5,1,70,B,True
https://www.bikedekho.com/avon/e-star-dx,model_page,200,2026-10-09,fresh,1,1360,True,4.4,485,83,A,True
https://www.bikedekho.com/bajaj/platina,model_page,200,2026-10-07,fresh,3,5009,True,4.1,332,95,A,True
https://www.bikedekho.com/bajaj/pulsar-ns200,model_page,200,2026-10-07,fresh,3,6189,True,4.4,941,97,A,True
https://www.bikedekho.com/bajaj/avenger-cruise-220,model_page,200,2026-10-09,fresh,1,3640,True,4.2,174,92,A,True
https://www.bikedekho.com/bajaj/pulsar-ns-160,model_page,200,2026-10-08,fresh,2,4832,True,4.3,345,95,A,True
https://www.bikedekho.com/bajaj/avenger-400,model_page,200,2025-08-12,very_stale,424,2229,True,,400,76,B,True
https://www.bikedekho.com/bajaj/platina-100,model_page,200,2026-10-09,fresh,1,4326,True,4.3,254,94,A,True
https://www.bikedekho.com/bajaj/ct110,model_page,200,2026-10-07,fresh,3,3129,True,4.2,198,92,A,True
https://www.bikedekho.com/bajaj/pulsar-ns-125,model_page,200,2026-10-07,fresh,3,5110,True,4.4,407,97,A,True
https://www.bikedekho.com/bajaj/pulsar-n250,model_page,200,2026-10-05,fresh,5,6548,True,4.4,171,92,A,True
https://www.bikedekho.com/bajaj/chetak,model_page,200,2026-10-09,fresh,1,6692,True,4.6,145,91,A,True
https://www.bikedekho.com/bajaj/pulsar-n160,model_page,200,2026-10-08,fresh,2,5107,True,4.4,451,97,A,True
https://www.bikedekho.com/bajaj/avenger-220-street,model_page,200,2026-10-08,fresh,2,3388,True,4.2,22,89,A,True
https://www.bikedekho.com/bajaj/freedom-125,model_page,200,2026-10-08,fresh,2,5561,True,4.7,190,92,A,True
https://www.bikedekho.com/bajaj/pulsar-n125,model_page,200,2026-10-08,fresh,2,4849,True,4.4,60,90,A,True
https://www.bikedekho.com/bajaj/pulsar-rs-200,model_page,200,2026-10-09,fresh,1,5358,True,4.6,29,89,A,True
https://www.bikedekho.com/bajaj/platina-125,model_page,200,2026-04-30,stale,163,1208,True,,125,59,C,True
https://www.bikedekho.com/bajaj/pulsar-ns-150,model_page,200,2026-06-30,stale,102,1095,True,,150,60,C,True
https://www.bikedekho.com/bajaj/dominar-250,model_page,200,2026-10-08,fresh,2,4898,True,4.7,5,89,A,True
https://www.bikedekho.com/bajaj/pulsar-rs400,model_page,200,2026-02-07,very_stale,245,959,True,,400,57,C,True
https://www.bikedekho.com/bajaj/2026-pulsar,model_page,200,2026-09-10,recent,30,990,True,,,59,C,False
https://www.bikedekho.com/bajaj/bajaj-adventure,model_page,200,2026-10-08,fresh,2,1570,True,,,73,B,False
https://www.bikedekho.com/bajaj/chetak-c2501,model_page,200,2026-10-08,fresh,2,3598,True,4.1,2,89,A,True
https://www.bikedekho.com/bajaj/pulsar-ns400z,model_page,200,2026-10-08,fresh,2,4823,True,4.8,6,89,A,True
https://www.bikedekho.com/bajaj/dominar-400,model_page,200,2026-10-08,fresh,2,4338,True,4.6,3,89,A,True
https://www.bikedekho.com/bajaj/pulsar-180,model_page,200,2026-10-09,fresh,1,2773,True,4.7,1,89,A,True
https://www.bikedekho.com/bajaj/pulsar-220f,model_page,200,2026-10-08,fresh,2,2920,True,3.3,1,89,A,True
https://www.bikedekho.com/bajaj/electric-bike,model_page,200,2026-08-01,ageing,70,1369,True,,,69,B,True
https://www.bikedekho.com/bajaj/pulsar-125,model_page,200,2026-10-09,fresh,1,3387,True,4.4,970,90,A,True
https://www.bikedekho.com/bajaj/pulsar-n160-s,model_page,200,2026-10-07,fresh,3,3385,True,4.5,3,89,A,True
https://www.bikedekho.com/bajaj/pulsar-150,model_page,200,2026-10-07,fresh,3,4519,True,4.4,970,90,A,True
https://www.bikedekho.com/bmw/k-1600,model_page,200,2026-09-09,ageing,31,3348,True,4.3,6,82,A,True
https://www.bikedekho.com/bmw/k-1600-b,model_page,200,2026-09-08,ageing,32,2062,True,4.2,1,75,B,True
https://www.bikedekho.com/bmw/g-310-rr,model_page,200,2026-10-08,fresh,2,4565,True,4.5,,89,A,True
https://www.bikedekho.com/bmw/r-1300-gs,model_page,200,2026-06-21,stale,111,3290,True,4.5,5,79,B,True
https://www.bikedekho.com/bmw/ce-04,model_page,200,2025-11-14,very_stale,330,2407,True,,4,74,B,True
https://www.bikedekho.com/bmw/r-12,model_page,200,2025-11-14,very_stale,330,2368,True,4.2,1,77,B,True
https://www.bikedekho.com/bmw/r-12-ninet,model_page,200,2026-09-09,ageing,31,2315,True,4.7,4,75,B,True
https://www.bikedekho.com/bmw/f-900-gs,model_page,200,2025-11-14,very_stale,330,2901,True,4.5,2,70,B,True
https://www.bikedekho.com/bmw/ce-02,model_page,200,2026-08-16,ageing,55,2208,True,,2,79,B,True
https://www.bikedekho.com/bmw/f-450-gs,model_page,200,2026-10-09,fresh,1,5365,True,4.6,7,89,A,True
https://www.bikedekho.com/bmw/s-1000-rr,model_page,200,2026-10-04,fresh,6,2845,True,4.4,9,82,A,True
https://www.bikedekho.com/bmw/r-1300-gs-adventure,model_page,200,2026-08-25,ageing,46,2470,True,4.8,3,75,B,True
https://www.bikedekho.com/bmw/c-400-gt,model_page,200,2026-09-05,ageing,35,2788,True,4.5,6,82,A,True
https://www.bikedekho.com/bmw/s-1000-r,model_page,200,2025-09-17,very_stale,388,2074,True,4.4,1,70,B,True
https://www.bikedekho.com/bmw/f-450-r,model_page,200,2026-10-08,fresh,2,2241,True,,,66,B,True
https://www.bikedekho.com/bmw/m-1000-r,model_page,200,2026-03-18,very_stale,206,2309,True,4.7,13,64,C,True
https://www.bikedekho.com/bmw/f-450-rr,model_page,200,2026-10-09,fresh,1,1433,True,,,66,B,True
https://www.bikedekho.com/ducati/scrambler,model_page,200,2026-10-08,fresh,2,3020,True,4.5,9,89,A,True
https://www.bikedekho.com/ducati/supersport,model_page,200,2026-09-21,recent,19,2872,True,4.3,10,86,A,True
https://www.bikedekho.com/ducati/multistrada-v4,model_page,200,2026-05-19,stale,144,2926,True,3.0,2,79,B,True
https://www.bikedekho.com/ducati/desertx,model_page,200,2025-09-29,very_stale,376,2564,True,4.4,5,77,B,True
https://www.bikedekho.com/ducati/diavel-v4,model_page,200,2026-04-02,very_stale,191,2659,True,4.7,6,77,B,True
https://www.bikedekho.com/ducati/hypermotard-698,model_page,200,2025-10-07,very_stale,368,2026,True,4.5,5,70,B,True
https://www.bikedekho.com/ducati/multistrada-v2,model_page,200,2025-10-28,very_stale,347,2475,True,4.5,7,70,B,True
https://www.bikedekho.com/ducati/panigale-v4,model_page,200,2026-10-08,fresh,2,3132,True,4.6,7,89,A,True
https://www.bikedekho.com/ducati/monster,model_page,200,2026-10-07,fresh,3,2529,True,4.3,5,82,A,True
https://www.bikedekho.com/ducati/superleggera-v4,model_page,200,2026-01-01,very_stale,282,1253,True,,,54,C,False
https://www.bikedekho.com/ducati/panigale-v2,model_page,200,2026-05-11,stale,152,2435,True,4.4,206,76,B,True
https://www.bikedekho.com/ducati/streetfighter-v4,model_page,200,2026-07-08,stale,94,1695,True,4.4,206,69,B,True
https://www.bikedekho.com/ducati/streetfighter-v2,model_page,200,2026-03-04,very_stale,220,2479,True,4.4,1,70,B,True
https://www.bikedekho.com/ducati/xdiavel-v4,model_page,200,2025-12-31,very_stale,283,2364,True,4.4,206,74,B,True
https://www.bikedekho.com/ducati/desmo450-mx,model_page,200,2026-03-17,very_stale,207,1647,True,4.4,5,63,C,True
https://www.bikedekho.com/enigma/crink-pro,model_page,200,2026-01-05,very_stale,278,1517,True,4.4,485,71,B,True
https://www.bikedekho.com/enigma/crink-v1,model_page,200,2026-01-05,very_stale,278,1534,True,4.4,485,71,B,True
https://www.bikedekho.com/enigma/gt-450-pro,model_page,200,2026-01-05,very_stale,278,1590,True,4.2,8,63,C,True
https://www.bikedekho.com/enigma/ambier-n8,model_page,200,2026-01-05,very_stale,278,1600,True,4.0,1,70,B,True
https://www.bikedekho.com/hero/splendor-plus,model_page,200,2026-10-07,fresh,3,4835,True,4.4,1490,97,A,True
https://www.bikedekho.com/hero/glamour,model_page,200,2026-10-08,fresh,2,3837,True,4.2,312,95,A,True
https://www.bikedekho.com/hero/xpulse-200,model_page,200,2026-05-28,stale,135,6325,True,4.4,384,86,A,True
https://www.bikedekho.com/hero/pleasure-2019,model_page,200,2026-10-07,fresh,3,4448,True,4.4,208,93,A,True
https://www.bikedekho.com/hero/hf-deluxe,model_page,200,2026-10-07,fresh,3,4423,True,4.4,655,97,A,True
https://www.bikedekho.com/hero/xtreme-160r,model_page,200,2026-10-08,fresh,2,5921,True,4.3,164,92,A,True
https://www.bikedekho.com/hero/450-adv,model_page,200,2026-06-26,stale,106,2219,True,,421,76,B,True
https://www.bikedekho.com/hero/emaestro,model_page,200,2025-08-12,very_stale,424,1490,True,,,62,C,True
https://www.bikedekho.com/hero/hf-100,model_page,200,2026-10-07,fresh,3,3705,True,4.5,168,92,A,True
https://www.bikedekho.com/hero/xtreme-400s,model_page,200,2025-09-30,very_stale,375,1809,True,,,55,C,True
https://www.bikedekho.com/hero/xoom-110,model_page,200,2026-10-07,fresh,3,3405,True,4.2,106,91,A,True
https://www.bikedekho.com/hero/splendor-plus-xtec,model_page,200,2026-10-07,fresh,3,4708,True,4.6,406,97,A,True
https://www.bikedekho.com/hero/super-splendor-xtec,model_page,200,2026-10-07,fresh,3,4222,True,4.4,106,91,A,True
https://www.bikedekho.com/hero/karizma-xmr-210,model_page,200,2026-10-07,fresh,3,3843,True,4.3,80,90,A,True
https://www.bikedekho.com/hero/hero-passion-plus,model_page,200,2026-10-08,fresh,2,4475,True,4.3,142,91,A,True
https://www.bikedekho.com/hero/xtreme-160r-4v,model_page,200,2026-10-07,fresh,3,4916,True,4.4,53,90,A,True
https://www.bikedekho.com/hero/xtreme-125r,model_page,200,2026-10-08,fresh,2,7104,True,4.6,597,97,A,True
https://www.bikedekho.com/hero/xoom-125,model_page,200,2026-10-07,fresh,3,5399,True,4.6,33,89,A,True
https://www.bikedekho.com/hero/xpulse-210,model_page,200,2026-10-07,fresh,3,6557,True,4.7,87,90,A,False
https://www.bikedekho.com/hero/xoom-160,model_page,200,2026-10-08,fresh,2,5283,True,4.6,13,89,A,True
https://www.bikedekho.com/hero/destini-prime,model_page,200,2026-08-02,ageing,69,3281,True,4.3,16,82,A,True
https://www.bikedekho.com/hero/mavrick-440-scrambler,model_page,200,2025-12-30,very_stale,284,1232,True,,,59,C,False
https://www.bikedekho.com/hero/destini-125,model_page,200,2026-10-09,fresh,1,5932,True,4.6,44,89,A,True
https://www.bikedekho.com/hero/xtreme-250r,model_page,200,2026-10-09,fresh,1,5915,True,4.6,49,89,A,True
https://www.bikedekho.com/hero/karizma-xmr-250,model_page,200,2026-06-30,stale,102,1794,True,,250,60,C,True
https://www.bikedekho.com/hero/splendor-electric,model_page,200,2025-08-12,very_stale,424,1293,True,,,60,C,True
https://www.bikedekho.com/hero/xpulse-160,model_page,200,2025-12-30,very_stale,284,769,True,,,45,D,False
https://www.bikedekho.com/hero/2025-mavrick-440,model_page,200,2026-06-30,stale,102,1220,True,,,54,C,False
https://www.bikedekho.com/hero/hf-deluxe-pro,model_page,200,2026-10-07,fresh,3,3714,True,4.8,34,89,A,True
https://www.bikedekho.com/hero/glamour-x-125,model_page,200,2026-10-08,fresh,2,5129,True,4.8,69,90,A,True
https://www.bikedekho.com/hero/destini-110,model_page,200,2026-10-08,fresh,2,2967,True,4.3,3,89,A,True
https://www.bikedekho.com/hero/hunk-440-sx,model_page,200,2025-11-10,very_stale,334,1104,True,,,57,C,False
https://www.bikedekho.com/hero/splendor-plus-flex-fuel,model_page,200,2026-10-08,fresh,2,2863,True,4.2,2,89,A,True
https://www.bikedekho.com/hero/hf-deluxe-flex-fuel,model_page,200,2026-10-09,fresh,1,2816,True,4.3,489,90,A,True
https://www.bikedekho.com/hero-electric/ae-8,model_page,200,2026-02-06,very_stale,246,1541,True,,8,62,C,True
https://www.bikedekho.com/lohia/oma-star-li,model_page,200,2025-12-23,very_stale,291,2061,True,4.4,3,77,B,True
https://www.bikedekho.com/vespa/elettrica,model_page,200,2026-02-06,very_stale,246,2099,True,,,71,B,True
https://www.bikedekho.com/vespa/zx-125,model_page,200,2026-10-07,fresh,3,3321,True,4.1,47,89,A,True
https://www.bikedekho.com/vespa/vespa-s,model_page,200,2025-12-08,very_stale,306,2463,True,3.7,1,70,B,True
https://www.bikedekho.com/vespa/vespa-125,model_page,200,2026-08-25,ageing,46,3016,True,3.7,1,82,A,True
https://www.bikedekho.com/vespa/150,model_page,200,2026-05-22,stale,141,2622,True,4.0,2,79,B,True
https://www.bikedekho.com/vespa/gts,model_page,200,2026-02-07,very_stale,245,557,True,,,45,D,False
https://www.bikedekho.com/vespa/primavera,model_page,200,2026-02-09,very_stale,243,570,True,,,45,D,False
https://www.bikedekho.com/triumph/street-triple,model_page,200,2026-10-08,fresh,2,3750,True,4.4,21,89,A,True
https://www.bikedekho.com/triumph/bonneville,model_page,200,2026-10-08,fresh,2,3373,True,4.3,14,89,A,True
https://www.bikedekho.com/triumph/bonneville-t100,model_page,200,2025-12-23,very_stale,291,2907,True,4.4,14,77,B,True
https://www.bikedekho.com/triumph/speedmaster,model_page,200,2026-05-26,stale,137,2951,True,3.5,2,79,B,True
https://www.bikedekho.com/triumph/street-scrambler,model_page,200,2026-08-02,ageing,69,2516,True,4.1,5,82,A,True
https://www.bikedekho.com/triumph/bonneville-bobber,model_page,200,2026-09-01,ageing,39,2515,True,4.7,4,82,A,True
https://www.bikedekho.com/triumph/tiger-1200,model_page,200,2026-07-11,stale,91,2753,True,4.5,4,79,B,True
https://www.bikedekho.com/triumph/rocket-3,model_page,200,2026-10-08,fresh,2,3179,True,4.5,42,89,A,True
https://www.bikedekho.com/triumph/bonneville-t4,model_page,200,2026-10-08,fresh,2,2960,True,4.4,752,84,A,True
https://www.bikedekho.com/triumph/tiger-900,model_page,200,2026-10-09,fresh,1,3073,True,4.5,7,89,A,True
https://www.bikedekho.com/triumph/speed-triple-1200,model_page,200,2026-05-25,stale,138,2120,True,4.4,4,75,B,True
https://www.bikedekho.com/triumph/triumph-electric-bike,model_page,200,2026-02-06,very_stale,246,1128,True,,1,57,C,True
https://www.bikedekho.com/triumph/tiger-sport-660,model_page,200,2026-02-22,very_stale,230,3025,True,4.3,4,77,B,True
https://www.bikedekho.com/triumph/daytona-660,model_page,200,2026-10-08,fresh,2,2543,True,4.3,3,89,A,True
https://www.bikedekho.com/triumph/scrambler-1200x,model_page,200,2025-12-24,very_stale,290,1603,True,4.5,9,64,C,True
https://www.bikedekho.com/triumph/speed-twin-1200,model_page,200,2025-12-24,very_stale,290,2518,True,4.2,2,64,C,True
https://www.bikedekho.com/triumph/scrambler-400,model_page,200,2025-12-02,very_stale,312,1091,True,,,48,D,False
https://www.bikedekho.com/triumph/speed-twin-900,model_page,200,2026-01-15,very_stale,268,2484,True,4.5,1,77,B,True
https://www.bikedekho.com/triumph/trident-660,model_page,200,2026-04-20,stale,173,2191,True,4.3,1,79,B,True
https://www.bikedekho.com/triumph/speed-400,model_page,200,2026-10-03,fresh,7,4414,True,4.7,6,89,A,True
https://www.bikedekho.com/triumph/trident-800,model_page,200,2026-06-30,stale,102,1573,True,,800,65,B,False
https://www.bikedekho.com/triumph/scrambler-400x,model_page,200,2026-10-07,fresh,3,2733,True,4.5,16,76,B,True
https://www.bikedekho.com/triumph/thruxton-400,model_page,200,2026-10-09,fresh,1,2651,True,4.1,1,76,B,True
https://www.bikedekho.com/triumph/tracker-400,model_page,200,2026-10-07,fresh,3,3817,True,4.1,1,89,A,True
https://www.bikedekho.com/triumph/speed-t4,model_page,200,2026-10-07,fresh,3,3703,True,4.1,4,89,A,True
https://www.bikedekho.com/triumph/scrambler-400-xc,model_page,200,2026-10-08,fresh,2,4122,True,4.7,1,89,A,True
https://www.bikedekho.com/triumph/bonneville-bobber-400,model_page,200,2026-10-08,fresh,2,1112,True,,,62,C,True
https://www.bikedekho.com/triumph/bonneville-speedmaster-400,model_page,200,2026-10-08,fresh,2,1153,True,,,62,C,True
https://www.bikedekho.com/harley-davidson/x-350,model_page,200,2026-02-06,very_stale,246,2183,True,,350,75,B,True
https://www.bikedekho.com/harley-davidson/edt600r,model_page,200,2026-08-12,ageing,59,999,True,,,64,C,True
https://www.bikedekho.com/harley-davidson/2022-low-rider-s,model_page,200,2026-04-13,stale,180,1544,True,,,56,C,True
https://www.bikedekho.com/harley-davidson/sportster-500,model_page,200,2026-01-08,very_stale,275,1136,True,,500,57,C,True
https://www.bikedekho.com/harley-davidson/x-500,model_page,200,2026-02-06,very_stale,246,1436,True,,500,65,B,True
https://www.bikedekho.com/harley-davidson/cvo-street-glide,model_page,200,2026-01-22,very_stale,261,1688,True,4.2,1,57,C,True
https://www.bikedekho.com/harley-davidson/cvo-road-glide,model_page,200,2026-01-22,very_stale,261,1637,True,4.7,1,57,C,True
https://www.bikedekho.com/harley-davidson/nightster,model_page,200,2026-03-01,very_stale,223,2217,True,4.2,1,77,B,True
https://www.bikedekho.com/harley-davidson/pan-america-1250,model_page,200,2026-10-01,recent,9,1944,True,4.7,1,79,B,True
https://www.bikedekho.com/harley-davidson/breakout,model_page,200,2026-10-01,recent,9,1784,True,4.3,1,79,B,True
https://www.bikedekho.com/harley-davidson/fat-boy,model_page,200,2026-10-09,fresh,1,2177,True,4.8,3,82,A,True
https://www.bikedekho.com/harley-davidson/sportster-s,model_page,200,2026-10-09,fresh,1,2488,True,4.2,2,89,A,True
https://www.bikedekho.com/harley-davidson/x440,model_page,200,2026-10-08,fresh,2,6872,True,4.8,49,89,A,True
https://www.bikedekho.com/harley-davidson/street-glide,model_page,200,2026-01-07,very_stale,276,2354,True,3.7,1,64,C,True
https://www.bikedekho.com/harley-davidson/road-glide,model_page,200,2026-01-07,very_stale,276,2221,True,4.7,1,77,B,True
https://www.bikedekho.com/harley-davidson/heritage-classic,model_page,200,2026-10-01,recent,9,2332,True,4.3,2,86,A,True
https://www.bikedekho.com/harley-davidson/street-bob,model_page,200,2026-01-07,very_stale,276,2071,True,4.5,42,64,C,True
https://www.bikedekho.com/harley-davidson/x440-t,model_page,200,2026-10-08,fresh,2,3240,True,4.8,2,89,A,True
https://www.bikedekho.com/harley-davidson/sprint-440,model_page,200,2026-10-08,fresh,2,1067,True,,,62,C,False
https://www.bikedekho.com/ktm/890-duke-r,model_page,200,2026-03-12,very_stale,212,2855,True,4.4,9,70,B,True
https://www.bikedekho.com/ktm/rc-490,model_page,200,2026-08-03,ageing,68,1361,True,,490,69,B,False
https://www.bikedekho.com/ktm/ktm-electric-scooter,model_page,200,2025-08-18,very_stale,418,1585,True,,,68,B,True
https://www.bikedekho.com/ktm/rc-390,model_page,200,2026-10-07,fresh,3,5908,True,4.2,100,91,A,True
https://www.bikedekho.com/ktm/890-adventure,model_page,200,2025-07-04,very_stale,463,2645,True,,,61,C,True
https://www.bikedekho.com/ktm/390-duke-r,model_page,200,2026-10-07,fresh,3,6987,True,4.5,206,93,A,True
https://www.bikedekho.com/ktm/rc-200,model_page,200,2026-10-08,fresh,2,4942,True,4.1,109,91,A,True
https://www.bikedekho.com/ktm/e-duke,model_page,200,2026-02-06,very_stale,246,1402,True,,,60,C,True
https://www.bikedekho.com/ktm/duke-200,model_page,200,2026-10-09,fresh,1,5311,True,4.6,133,91,A,True
https://www.bikedekho.com/ktm/2025-rc390,model_page,200,2026-03-30,very_stale,194,1562,True,,390,68,B,True
https://www.bikedekho.com/ktm/2025-rc-125,model_page,200,2026-01-30,very_stale,253,1214,True,,125,57,C,True
https://www.bikedekho.com/ktm/duke-250,model_page,200,2026-10-07,fresh,3,6385,True,4.5,155,92,A,True
https://www.bikedekho.com/ktm/50-sx,model_page,200,2026-08-03,ageing,68,2573,True,4.4,8,75,B,True
https://www.bikedekho.com/ktm/65-sx,model_page,200,2026-08-03,ageing,68,1877,True,4.4,2,75,B,True
https://www.bikedekho.com/ktm/85-sx,model_page,200,2025-09-20,very_stale,385,1606,True,4.0,1,70,B,True
https://www.bikedekho.com/ktm/250-sx-f,model_page,200,2025-09-20,very_stale,385,1744,True,4.2,1,70,B,True
https://www.bikedekho.com/ktm/450-sx-f,model_page,200,2025-09-20,very_stale,385,1648,True,4.2,1,66,B,True
https://www.bikedekho.com/ktm/350-exc-f,model_page,200,2025-09-20,very_stale,385,1892,True,4.6,3,70,B,True
https://www.bikedekho.com/ktm/890-adventure-r,model_page,200,2025-09-20,very_stale,385,2430,True,4.5,4,70,B,True
https://www.bikedekho.com/ktm/1290-super-adventure-s,model_page,200,2026-08-02,ageing,69,2517,True,4.8,4,75,B,True
https://www.bikedekho.com/ktm/1390-super-duke-r,model_page,200,2026-10-09,fresh,1,2975,True,3.5,5,89,A,True
https://www.bikedekho.com/ktm/390-adventure-s,model_page,200,2026-10-09,fresh,1,6364,True,4.5,22,89,A,True
https://www.bikedekho.com/ktm/390-enduro-r,model_page,200,2026-08-12,ageing,59,3785,True,4.6,6,82,A,True
https://www.bikedekho.com/ktm/390-smc-r,model_page,200,2026-02-07,very_stale,245,1484,True,,,56,C,True
https://www.bikedekho.com/ktm/390-adventure-x,model_page,200,2026-10-08,fresh,2,3504,True,4.7,9,89,A,True
https://www.bikedekho.com/ktm/250-adventure,model_page,200,2026-10-09,fresh,1,3962,True,4.6,18,89,A,True
https://www.bikedekho.com/ktm/160-duke,model_page,200,2026-10-09,fresh,1,5803,True,4.7,18,89,A,True
https://www.bikedekho.com/ktm/rc-160,model_page,200,2026-08-24,ageing,47,3055,True,4.7,1,82,A,True
https://www.bikedekho.com/ktm/duke-490,model_page,200,2026-09-10,recent,30,1214,True,,490,74,B,True
https://www.bikedekho.com/ktm/990-rc-r,model_page,200,2025-10-16,very_stale,359,1068,True,,,49,D,True
https://www.bikedekho.com/ktm/duke-390,model_page,200,2026-10-02,recent,8,4982,True,4.2,4,86,A,True
https://www.bikedekho.com/ktm/2027-790-duke,model_page,200,2026-02-09,very_stale,243,1542,True,,,50,C,True
https://www.bikedekho.com/ktm/390-adventure,model_page,200,2026-10-07,fresh,3,4104,True,4.5,7,82,A,False
https://www.bikedekho.com/ktm/390-adventure-r,model_page,200,2026-06-03,stale,129,1990,True,4.4,254,70,B,True
https://www.bikedekho.com/honda/gold-wing,model_page,200,2026-10-09,fresh,1,3750,True,4.7,13,89,A,True
https://www.bikedekho.com/honda/cbr500r,model_page,200,2026-02-06,very_stale,246,2527,True,,,74,B,True
https://www.bikedekho.com/honda/cb500f,model_page,200,2026-02-06,very_stale,246,1483,True,,,65,B,True
https://www.bikedekho.com/honda/rebel-500,model_page,200,2026-07-27,ageing,75,2877,True,4.0,4,80,A,True
https://www.bikedekho.com/honda/cb1000r-plus,model_page,200,2026-02-06,very_stale,246,1561,True,,,65,B,True
https://www.bikedekho.com/honda/activa,model_page,200,2026-09-19,recent,21,6294,True,4.4,1170,94,A,True
https://www.bikedekho.com/honda/shine,model_page,200,2026-10-07,fresh,3,4396,True,4.4,475,97,A,True
https://www.bikedekho.com/honda/rebel-300,model_page,200,2026-10-03,fresh,7,2829,True,4.3,5,89,A,True
https://www.bikedekho.com/honda/pcx150,model_page,200,2026-02-07,very_stale,245,1932,True,,160,71,B,True
https://www.bikedekho.com/honda/hness-cb350,model_page,200,2026-09-30,recent,10,5617,True,4.4,192,89,A,True
https://www.bikedekho.com/honda/forza-350,model_page,200,2026-02-06,very_stale,246,1908,True,,350,65,B,True
https://www.bikedekho.com/honda/rebel-1100,model_page,200,2026-02-07,very_stale,245,1238,True,,1100,65,B,True
https://www.bikedekho.com/honda/cbr-150-r,model_page,200,2026-02-06,very_stale,246,2078,True,4.2,4,71,B,True
https://www.bikedekho.com/honda/cb350rs,model_page,200,2026-10-08,fresh,2,4232,True,4.2,84,90,A,True
https://www.bikedekho.com/honda/activa-electric,model_page,200,2026-10-08,fresh,2,5429,True,4.6,95,90,A,True
https://www.bikedekho.com/honda/crf300l,model_page,200,2026-10-08,fresh,2,1629,True,,,80,A,False
https://www.bikedekho.com/honda/activa-7g,model_page,200,2025-12-30,very_stale,284,1820,True,,,55,C,True
https://www.bikedekho.com/honda/cl500-scrambler,model_page,200,2026-02-09,very_stale,243,1506,True,,,54,C,False
https://www.bikedekho.com/honda/shine-100,model_page,200,2026-10-07,fresh,3,5029,True,4.3,117,91,A,True
https://www.bikedekho.com/honda/cb350-cruiser,model_page,200,2026-08-01,ageing,70,1307,True,,,64,C,True
https://www.bikedekho.com/honda/dio-125,model_page,200,2026-10-08,fresh,2,4086,True,4.6,71,90,A,True
https://www.bikedekho.com/honda/cb350,model_page,200,2026-10-07,fresh,3,4504,True,4.5,63,90,A,True
https://www.bikedekho.com/honda/qc1,model_page,200,2026-10-07,fresh,3,3765,True,4.2,8,89,A,True
https://www.bikedekho.com/honda/activa-125,model_page,200,2026-10-07,fresh,3,5869,True,4.5,146,91,A,True
https://www.bikedekho.com/honda/sp125,model_page,200,2026-10-01,recent,9,5394,True,4.6,264,91,A,True
https://www.bikedekho.com/honda/sp160,model_page,200,2026-10-08,fresh,2,4090,True,4.7,42,89,A,True
https://www.bikedekho.com/honda/unicorn,model_page,200,2026-10-07,fresh,3,5687,True,4.7,67,90,A,True
https://www.bikedekho.com/honda/dio,model_page,200,2026-10-07,fresh,3,4972,True,4.6,39,89,A,True
https://www.bikedekho.com/honda/motocompacto,model_page,200,2026-02-07,very_stale,245,1123,True,,,54,C,True
https://www.bikedekho.com/honda/livo,model_page,200,2026-10-08,fresh,2,3472,True,4.3,11,89,A,True
https://www.bikedekho.com/honda/nx200,model_page,200,2026-10-09,fresh,1,3302,True,4.4,23,89,A,True
https://www.bikedekho.com/honda/hornet-20,model_page,200,2026-10-08,fresh,2,5670,True,4.8,49,89,A,True
https://www.bikedekho.com/honda/cb-750-hornet,model_page,200,2026-07-19,ageing,83,2892,True,4.7,2,82,A,True
https://www.bikedekho.com/honda/cb-1000-hornet,model_page,200,2026-10-08,fresh,2,2201,True,4.5,2,82,A,True
https://www.bikedekho.com/honda/xl750-transalp-2025,model_page,200,2026-06-16,stale,116,2734,True,4.4,5,79,B,True
https://www.bikedekho.com/honda/shine-electric,model_page,200,2026-08-11,ageing,60,1212,True,,,62,C,True
https://www.bikedekho.com/honda/shine-100-dx,model_page,200,2026-10-08,fresh,2,4607,True,4.8,35,89,A,True
https://www.bikedekho.com/honda/cb125-hornet,model_page,200,2026-10-09,fresh,1,5155,True,4.8,67,90,A,True
https://www.bikedekho.com/honda/cb350c,model_page,200,2026-10-09,fresh,1,2595,True,5.0,2,89,A,True
https://www.bikedekho.com/honda/cb1000gt,model_page,200,2025-11-04,very_stale,340,633,True,,,45,D,False
https://www.bikedekho.com/honda/wn7,model_page,200,2025-11-04,very_stale,340,832,True,,,49,D,True
https://www.bikedekho.com/honda/sh125i,model_page,200,2026-02-07,very_stale,245,816,True,,,49,D,True
https://www.bikedekho.com/honda/nx500,model_page,200,2026-10-08,fresh,2,2456,True,4.2,14,82,A,True
https://www.bikedekho.com/honda/adv-160,model_page,200,2026-10-07,fresh,3,2963,True,4.8,4,89,A,True
https://www.bikedekho.com/honda/cbr1000rr-r-fireblade-sp,model_page,200,2026-10-09,fresh,1,2360,True,4.7,13,82,A,True
https://www.bikedekho.com/honda/qc3,model_page,200,2026-10-08,fresh,2,2221,True,5.0,1,89,A,True
https://www.bikedekho.com/honda/cb-500,model_page,200,2026-10-09,fresh,1,2001,True,4.4,752,90,A,True
https://www.bikedekho.com/honda/xr-300l,model_page,200,2026-10-09,fresh,1,1925,True,4.5,7,82,A,True
https://www.bikedekho.com/honda/xr-300-rally,model_page,200,2026-10-08,fresh,2,1955,True,4.5,7,82,A,True
https://www.bikedekho.com/kawasaki/ninja,model_page,200,2026-10-01,recent,9,5394,True,4.4,,86,A,True
https://www.bikedekho.com/kawasaki/klx-110,model_page,200,2025-11-11,very_stale,333,2804,True,4.1,7,73,B,True
https://www.bikedekho.com/kawasaki/versys-650,model_page,200,2026-08-29,ageing,42,3635,True,4.4,10,82,A,True
https://www.bikedekho.com/kawasaki/vulcan-s,model_page,200,2026-10-09,fresh,1,3022,True,4.5,10,89,A,True
https://www.bikedekho.com/kawasaki/ninja-zx-10r,model_page,200,2026-09-30,recent,10,4199,True,4.4,206,90,A,True
https://www.bikedekho.com/kawasaki/klx-140-g,model_page,200,2025-11-11,very_stale,333,2447,True,4.2,12,70,B,True
https://www.bikedekho.com/kawasaki/kx-450f,model_page,200,2026-09-02,ageing,38,1900,True,4.2,2,71,B,True
https://www.bikedekho.com/kawasaki/klx-450r,model_page,200,2025-11-11,very_stale,333,2079,True,4.1,6,70,B,True
https://www.bikedekho.com/kawasaki/z400,model_page,200,2026-02-06,very_stale,246,2155,True,,400,74,B,True
https://www.bikedekho.com/kawasaki/2020-z650,model_page,200,2026-10-08,fresh,2,4409,True,4.2,9,89,A,True
https://www.bikedekho.com/kawasaki/ninja-650,model_page,200,2026-10-08,fresh,2,3068,True,4.4,9,89,A,True
https://www.bikedekho.com/kawasaki/w175,model_page,200,2026-10-07,fresh,3,3102,True,4.1,15,89,A,True
https://www.bikedekho.com/kawasaki/z650rs,model_page,200,2026-10-07,fresh,3,2809,True,4.4,4,89,A,True
https://www.bikedekho.com/kawasaki/eliminator-400,model_page,200,2026-06-01,stale,131,2906,True,4.8,5,79,B,True
https://www.bikedekho.com/kawasaki/kx112,model_page,200,2026-09-03,ageing,37,1849,True,4.1,4,71,B,True
https://www.bikedekho.com/kawasaki/klx230rs,model_page,200,2026-10-08,fresh,2,2784,True,4.2,8,89,A,True
https://www.bikedekho.com/kawasaki/z500,model_page,200,2026-02-09,very_stale,243,1762,True,,500,74,B,True
https://www.bikedekho.com/kawasaki/ninja-500,model_page,200,2026-10-09,fresh,1,3303,True,4.6,17,89,A,True
https://www.bikedekho.com/kawasaki/versys-x300,model_page,200,2026-07-07,stale,95,2867,True,4.7,3,79,B,True
https://www.bikedekho.com/kawasaki/klx-230,model_page,200,2026-10-08,fresh,2,3091,True,4.4,17,89,A,True
https://www.bikedekho.com/kawasaki/ninja-1100sx,model_page,200,2026-07-30,ageing,72,2692,True,4.3,3,82,A,True
https://www.bikedekho.com/kawasaki/2025-versys-1100,model_page,200,2025-11-26,very_stale,318,2221,True,4.3,5,64,C,True
https://www.bikedekho.com/kawasaki/ninja-zx-6r,model_page,200,2026-10-07,fresh,3,3473,True,4.3,6,89,A,True
https://www.bikedekho.com/kawasaki/z125,model_page,200,2025-09-02,very_stale,403,1171,True,,,54,C,False
https://www.bikedekho.com/kawasaki/z1100,model_page,200,2026-10-07,fresh,3,2317,True,4.7,1,89,A,True
https://www.bikedekho.com/kawasaki/ninja-125,model_page,200,2025-10-14,very_stale,361,1172,True,,,54,C,False
https://www.bikedekho.com/kawasaki/versys-1100,model_page,200,2026-09-10,recent,30,1935,True,4.3,5,73,B,True
https://www.bikedekho.com/kawasaki/z900,model_page,200,2026-10-08,fresh,2,2711,True,4.3,5,82,A,True
https://www.bikedekho.com/kawasaki/kle500,model_page,200,2025-10-25,very_stale,350,1193,True,,500,67,B,True
https://www.bikedekho.com/kawasaki/w230,model_page,200,2026-10-08,fresh,2,1651,True,,,71,B,False
https://www.bikedekho.com/kawasaki/2027-ninja-h2,model_page,200,2026-09-21,recent,19,1684,True,,,68,B,True
https://www.bikedekho.com/kinetic/dx,model_page,200,2026-10-09,fresh,1,3665,True,5.0,2,89,A,True
https://www.bikedekho.com/royal-enfield/interceptor-650,model_page,200,2026-10-08,fresh,2,6060,True,4.3,215,93,A,True
https://www.bikedekho.com/royal-enfield/classic-350,model_page,200,2026-10-07,fresh,3,6635,True,4.4,752,97,A,True
https://www.bikedekho.com/royal-enfield/hunter,model_page,200,2026-10-07,fresh,3,5757,True,4.4,1230,97,A,True
https://www.bikedekho.com/royal-enfield/super-meteor-650,model_page,200,2026-10-08,fresh,2,5492,True,4.5,133,91,A,True
https://www.bikedekho.com/royal-enfield/bullet-350,model_page,200,2026-10-07,fresh,3,6693,True,4.5,,89,A,True
https://www.bikedekho.com/royal-enfield/shotgun,model_page,200,2026-10-09,fresh,1,5591,True,4.4,89,90,A,True
https://www.bikedekho.com/royal-enfield/classic-650,model_page,200,2026-10-07,fresh,3,4799,True,4.2,44,89,A,True
https://www.bikedekho.com/royal-enfield/himalayan,model_page,200,2026-10-07,fresh,3,7381,True,4.4,254,94,A,True
https://www.bikedekho.com/royal-enfield/constellation,model_page,200,2026-06-11,stale,121,1127,True,,,65,B,True
https://www.bikedekho.com/royal-enfield/guerrilla-450,model_page,200,2026-10-09,fresh,1,7214,True,4.5,148,91,A,True
https://www.bikedekho.com/royal-enfield/flying-flea-c6,model_page,200,2026-10-09,fresh,1,4456,True,4.5,6,89,A,True
https://www.bikedekho.com/royal-enfield/bear-650,model_page,200,2026-10-09,fresh,1,4239,True,4.7,21,89,A,True
https://www.bikedekho.com/royal-enfield/goan-classic-350,model_page,200,2026-10-09,fresh,1,4832,True,4.5,29,89,A,True
https://www.bikedekho.com/royal-enfield/bullet-650,model_page,200,2026-10-07,fresh,3,4363,True,4.3,3,89,A,True
https://www.bikedekho.com/royal-enfield/continental-gt-450,model_page,200,2026-06-11,stale,121,1634,True,,450,65,B,False
https://www.bikedekho.com/royal-enfield/scram-440,model_page,200,2026-10-06,fresh,4,3993,True,4.5,16,89,A,True
https://www.bikedekho.com/royal-enfield/himalayan-electric,model_page,200,2026-10-08,fresh,2,1170,True,,,72,B,True
https://www.bikedekho.com/royal-enfield/scram-450,model_page,200,2026-05-26,stale,137,1603,True,,,56,C,True
https://www.bikedekho.com/royal-enfield/interceptor-750,model_page,200,2026-09-10,recent,30,1275,True,,,63,C,True
https://www.bikedekho.com/royal-enfield/continental-gt-750,model_page,200,2026-09-10,recent,30,1586,True,,,59,C,True
https://www.bikedekho.com/royal-enfield/royal-enfield-250,model_page,200,2026-06-30,stale,102,2101,True,,250,73,B,True
https://www.bikedekho.com/royal-enfield/himalayan-750,model_page,200,2026-09-10,recent,30,1660,True,,,59,C,True
https://www.bikedekho.com/royal-enfield/2026-super-meteor-650,model_page,200,2026-01-02,very_stale,281,1143,True,,,48,D,False
https://www.bikedekho.com/royal-enfield/flying-flea-s6,model_page,200,2026-06-11,stale,121,1783,True,,,59,C,True
https://www.bikedekho.com/royal-enfield/meteor-350,model_page,200,2026-10-09,fresh,1,5900,True,4.7,42,89,A,True
https://www.bikedekho.com/royal-enfield/himalayan-440,model_page,200,2026-10-07,fresh,3,2764,True,4.7,2,89,A,True
https://www.bikedekho.com/royal-enfield/classic-350-flex-fuel,model_page,200,2026-10-08,fresh,2,1479,True,,,66,B,True
https://www.bikedekho.com/royal-enfield/continental-gt-650,model_page,200,2026-10-08,fresh,2,4737,True,4.3,215,80,A,True
https://www.bikedekho.com/suzuki/gsx-s1000,model_page,200,2026-02-09,very_stale,243,2602,True,,1000,74,B,True
https://www.bikedekho.com/suzuki/rm-z250,model_page,200,2026-02-07,very_stale,245,1279,True,,250,60,C,True
https://www.bikedekho.com/suzuki/sv650,model_page,200,2026-02-06,very_stale,246,1418,True,,650,65,B,True
https://www.bikedekho.com/suzuki/gsx-r1000r,model_page,200,2026-09-10,recent,30,2640,True,,,75,B,True
https://www.bikedekho.com/suzuki/rm-z450,model_page,200,2026-08-12,ageing,59,1432,True,,450,64,C,True
https://www.bikedekho.com/suzuki/burgman-electric,model_page,200,2026-06-01,stale,131,1874,True,,,64,C,True
https://www.bikedekho.com/suzuki/hayabusa,model_page,200,2026-10-09,fresh,1,3493,True,4.3,92,90,A,True
https://www.bikedekho.com/suzuki/avenis,model_page,200,2026-10-09,fresh,1,3441,True,4.2,82,90,A,True
https://www.bikedekho.com/suzuki/v-strom-800-de,model_page,200,2025-09-25,very_stale,380,2200,True,4.3,4,70,B,True
https://www.bikedekho.com/suzuki/gsr-8r,model_page,200,2025-11-13,very_stale,331,4555,True,4.4,6,77,B,True
https://www.bikedekho.com/suzuki/v-strom-sx,model_page,200,2026-10-07,fresh,3,3945,True,4.7,29,89,A,True
https://www.bikedekho.com/suzuki/gixxer-sf-250,model_page,200,2026-10-07,fresh,3,2737,True,4.3,2,89,A,True
https://www.bikedekho.com/suzuki/gixxer-250,model_page,200,2026-09-21,recent,19,2546,True,4.2,1,86,A,True
https://www.bikedekho.com/suzuki/gixxer-sf,model_page,200,2026-10-09,fresh,1,3761,True,4.5,22,89,A,True
https://www.bikedekho.com/suzuki/gixxer,model_page,200,2026-10-09,fresh,1,2916,True,4.2,8,89,A,True
https://www.bikedekho.com/suzuki/e-access,model_page,200,2026-10-09,fresh,1,4141,True,3.8,1,89,A,True
https://www.bikedekho.com/suzuki/gixxer-sf-250-flex-fuel,model_page,200,2026-09-21,recent,19,3129,True,4.4,5,86,A,False
https://www.bikedekho.com/suzuki/access-125,model_page,200,2026-10-07,fresh,3,5486,True,4.6,,89,A,True
https://www.bikedekho.com/suzuki/gsx-8t,model_page,200,2026-08-11,ageing,60,1019,True,,,53,C,False
https://www.bikedekho.com/suzuki/gsx-8s,model_page,200,2026-01-07,very_stale,276,1032,True,,,49,D,False
https://www.bikedekho.com/suzuki/burgman-street,model_page,200,2026-10-06,fresh,4,3345,True,4.4,4,89,A,True
https://www.bikedekho.com/tvs/star-city-plus,model_page,200,2026-05-28,stale,135,4635,True,4.3,403,87,A,True
https://www.bikedekho.com/tvs/sport,model_page,200,2026-06-10,stale,122,4580,True,4.3,489,87,A,True
https://www.bikedekho.com/tvs/scooty-zest,model_page,200,2026-05-28,stale,135,4027,True,4.2,142,81,A,True
https://www.bikedekho.com/tvs/apache-rtr-180,model_page,200,2026-05-28,stale,135,4555,True,4.3,377,86,A,True
https://www.bikedekho.com/tvs/xl-100,model_page,200,2026-05-28,stale,135,4308,True,4.3,429,87,A,True
https://www.bikedekho.com/tvs/apache-rr-310,model_page,200,2026-10-09,fresh,1,6866,True,4.4,702,97,A,True
https://www.bikedekho.com/tvs/ntorq-125,model_page,200,2026-10-04,fresh,6,6247,True,4.2,1600,97,A,True
https://www.bikedekho.com/tvs/x-electric-scooter,model_page,200,2026-05-28,stale,135,3663,True,4.2,60,80,A,True
https://www.bikedekho.com/tvs/radeon,model_page,200,2026-10-08,fresh,2,6324,True,4.3,486,97,A,True
https://www.bikedekho.com/tvs/iqube-electric,model_page,200,2026-10-04,fresh,6,5274,True,4.4,485,97,A,True
https://www.bikedekho.com/tvs/raider,model_page,200,2026-09-17,recent,23,6493,True,4.4,970,94,A,True
https://www.bikedekho.com/tvs/fiero-125,model_page,200,2025-09-30,very_stale,375,1820,True,,125,61,C,True
https://www.bikedekho.com/tvs/jupiter-125,model_page,200,2026-09-28,recent,12,6977,True,4.3,315,92,A,True
https://www.bikedekho.com/tvs/ronin,model_page,200,2026-09-21,recent,19,5644,True,4.4,,86,A,True
https://www.bikedekho.com/tvs/apache-rtx-300,model_page,200,2026-10-09,fresh,1,6090,True,4.5,7,89,A,True
https://www.bikedekho.com/tvs/iqube-s,model_page,200,2026-10-06,fresh,4,5529,True,4.5,24,89,A,True
https://www.bikedekho.com/tvs/iqube-st,model_page,200,2026-10-08,fresh,2,4409,True,4.5,29,89,A,True
https://www.bikedekho.com/tvs/jupiter-cng,model_page,200,2026-02-07,very_stale,245,1425,True,,,62,C,True
https://www.bikedekho.com/tvs/rtsx,model_page,200,2026-02-06,very_stale,246,1140,True,,,56,C,False
https://www.bikedekho.com/tvs/concept-eb1,model_page,200,2026-08-01,ageing,70,861,True,,,55,C,True
https://www.bikedekho.com/tvs/2025-iqube-st-concept,model_page,200,2026-08-01,ageing,70,1059,True,,,55,C,True
https://www.bikedekho.com/tvs/x-nfe-concept,model_page,200,2026-02-07,very_stale,245,987,True,,,49,D,True
https://www.bikedekho.com/tvs/vision-iqube-concept,model_page,200,2026-02-07,very_stale,245,872,True,,,49,D,True
https://www.bikedekho.com/tvs/jupiter,model_page,200,2026-10-08,fresh,2,7117,True,4.7,124,91,A,True
https://www.bikedekho.com/tvs/ntorq-150,model_page,200,2026-10-03,fresh,7,6491,True,4.8,13,89,A,True
https://www.bikedekho.com/tvs/apache-rr-450,model_page,200,2026-09-10,recent,30,1612,True,,,63,C,False
https://www.bikedekho.com/tvs/apache-rtr-200-4v,model_page,200,2026-10-08,fresh,2,6105,True,4.6,16,89,A,True
https://www.bikedekho.com/tvs/electric-scooter-indonesia,model_page,200,2025-08-12,very_stale,424,924,True,,,54,C,True
https://www.bikedekho.com/tvs/orbiter,model_page,200,2026-10-08,fresh,2,4829,True,4.2,8,89,A,True
https://www.bikedekho.com/tvs/apache-rtr-160,model_page,200,2026-09-30,recent,10,7180,True,4.7,36,86,A,True
https://www.bikedekho.com/tvs/apache-rtr-310,model_page,200,2026-10-09,fresh,1,6095,True,4.8,39,89,A,True
https://www.bikedekho.com/tvs/m1-s-electric-maxi-scooter,model_page,200,2025-11-05,very_stale,339,1351,True,,,54,C,True
https://www.bikedekho.com/tvs/tvs-electric-bike,model_page,200,2026-10-08,fresh,2,910,True,,,66,B,True
https://www.bikedekho.com/tvs/rtr-hyprstunt-concept,model_page,200,2026-02-03,very_stale,249,1119,True,,,57,C,False
https://www.bikedekho.com/tvs/tangent-rr-concept,model_page,200,2025-11-06,very_stale,338,1421,True,,,66,B,False
https://www.bikedekho.com/tvs/efx-three-o,model_page,200,2025-11-04,very_stale,340,1164,True,,,62,C,True
https://www.bikedekho.com/tvs/apache-rtr-160-4v,model_page,200,2026-10-07,fresh,3,4955,True,4.7,3,89,A,True
https://www.bikedekho.com/tvs/maxi-scooter-160,model_page,200,2026-06-09,stale,123,1388,True,,,56,C,False
https://www.bikedekho.com/yamaha/yzf-r1,model_page,200,2026-02-06,very_stale,246,2723,True,,1,74,B,True
https://www.bikedekho.com/yamaha/rx-100,model_page,200,2026-10-08,fresh,2,3081,True,,100,86,A,True
https://www.bikedekho.com/yamaha/nmax-155,model_page,200,2026-06-08,stale,124,2202,True,,155,73,B,True
https://www.bikedekho.com/yamaha/yzf-r15-v3,model_page,200,2026-10-08,fresh,2,3689,True,4.4,1190,97,A,True
https://www.bikedekho.com/yamaha/fz-fi-version-3,model_page,200,2026-10-08,fresh,2,3139,True,4.3,193,92,A,True
https://www.bikedekho.com/yamaha/xsr155,model_page,200,2026-10-07,fresh,3,5371,True,4.5,139,91,A,True
https://www.bikedekho.com/yamaha/mt-09,model_page,200,2026-10-08,fresh,2,2294,True,,9,80,A,True
https://www.bikedekho.com/yamaha/mt-07,model_page,200,2026-10-08,fresh,2,1632,True,,7,80,A,True
https://www.bikedekho.com/yamaha/fz-x,model_page,200,2026-10-09,fresh,1,5193,True,4.3,197,92,A,True
https://www.bikedekho.com/yamaha/xsr125,model_page,200,2026-02-07,very_stale,245,2262,True,,125,70,B,True
https://www.bikedekho.com/yamaha/r7,model_page,200,2026-10-08,fresh,2,1897,True,,7,73,B,True
https://www.bikedekho.com/yamaha/aerox-155,model_page,200,2026-10-09,fresh,1,5728,True,4.3,128,91,A,True
https://www.bikedekho.com/yamaha/r15-v4,model_page,200,2026-09-21,recent,19,7025,True,4.5,718,94,A,True
https://www.bikedekho.com/yamaha/neos,model_page,200,2025-07-04,very_stale,463,1340,True,,,65,B,True
https://www.bikedekho.com/yamaha/fzs-fi-v4,model_page,200,2026-10-08,fresh,2,5398,True,4.4,136,91,A,True
https://www.bikedekho.com/yamaha/tenere-700,model_page,200,2026-02-06,very_stale,246,1310,True,,700,69,B,True
https://www.bikedekho.com/yamaha/yzf-r9,model_page,200,2026-10-08,fresh,2,1325,True,,,62,C,True
https://www.bikedekho.com/yamaha/lander-250,model_page,200,2026-02-07,very_stale,245,1729,True,,,59,C,False
https://www.bikedekho.com/yamaha/fzs-fi-hybrid,model_page,200,2026-10-09,fresh,1,4579,True,4.5,46,89,A,True
https://www.bikedekho.com/yamaha/2025-r3,model_page,200,2026-06-30,stale,102,1249,True,,3,57,C,True
https://www.bikedekho.com/yamaha/filano,model_page,200,2026-02-07,very_stale,245,725,True,,,56,C,True
https://www.bikedekho.com/yamaha/yamaha-electric-scooter,model_page,200,2025-08-12,very_stale,424,1151,True,,,51,C,True
https://www.bikedekho.com/yamaha/2025-mt-03,model_page,200,2026-06-30,stale,102,1080,True,,,50,C,False
https://www.bikedekho.com/yamaha/fz-x-hybrid,model_page,200,2026-10-03,fresh,7,2755,True,4.5,2,89,A,True
https://www.bikedekho.com/yamaha/mt-15-v2,model_page,200,2026-09-23,recent,17,6575,True,4.7,81,87,A,True
https://www.bikedekho.com/yamaha/mt-10,model_page,200,2025-09-03,very_stale,402,1334,True,,,54,C,False
https://www.bikedekho.com/yamaha/wr155-r,model_page,200,2026-04-30,stale,163,1280,True,,,54,C,False
https://www.bikedekho.com/yamaha/fz-rave,model_page,200,2026-10-08,fresh,2,3452,True,4.7,4,89,A,True
https://www.bikedekho.com/yamaha/ec-06,model_page,200,2026-10-08,fresh,2,3569,True,5.0,1,89,A,True
https://www.bikedekho.com/yamaha/aerox-e,model_page,200,2026-10-09,fresh,1,2990,True,4.2,60,83,A,True
https://www.bikedekho.com/yamaha/yzf-r2,model_page,200,2026-10-07,fresh,3,3674,True,4.3,1,89,A,True
https://www.bikedekho.com/yamaha/fascino,model_page,200,2026-10-05,fresh,5,2856,True,4.7,2,89,A,True
https://www.bikedekho.com/yamaha/fz-blue-flex,model_page,200,2026-10-09,fresh,1,2480,True,4.3,2,89,A,True
https://www.bikedekho.com/yamaha/ray-zr-125,model_page,200,2026-10-07,fresh,3,3450,True,4.2,1601,90,A,False
https://www.bikedekho.com/mv-agusta/rush-1000,model_page,200,2025-08-20,very_stale,416,1430,True,,,54,C,True
https://www.bikedekho.com/moto-guzzi/stelvio,model_page,200,2026-02-07,very_stale,245,565,True,,,45,D,False
https://www.bikedekho.com/moto-guzzi/v85-tt,model_page,200,2026-01-28,very_stale,255,1789,True,4.5,7,57,C,True
https://www.bikedekho.com/indian/chief,model_page,200,2026-09-01,ageing,39,2822,True,,,78,B,True
https://www.bikedekho.com/indian/chieftain,model_page,200,2026-01-23,very_stale,260,1583,True,4.3,1,70,B,True
https://www.bikedekho.com/indian/chieftain-dark-horse,model_page,200,2026-01-23,very_stale,260,2358,True,3.7,1,77,B,True
https://www.bikedekho.com/indian/roadmaster-classic,model_page,200,2026-02-06,very_stale,246,1649,True,,,62,C,True
https://www.bikedekho.com/indian/roadmaster-elite,model_page,200,2026-01-23,very_stale,260,1986,True,4.5,2,70,B,True
https://www.bikedekho.com/indian/chief-dark-horse,model_page,200,2026-01-23,very_stale,260,2081,True,4.5,2,77,B,True
https://www.bikedekho.com/indian/chief-vintage,model_page,200,2026-02-09,very_stale,243,1462,True,,,65,B,True
https://www.bikedekho.com/indian/springfield-dark-horse,model_page,200,2026-01-23,very_stale,260,2251,True,4.4,2,77,B,True
https://www.bikedekho.com/indian/chieftain-limited,model_page,200,2026-01-23,very_stale,260,1709,True,4.7,1,70,B,True
https://www.bikedekho.com/indian/ftr-1200,model_page,200,2026-09-16,recent,24,1945,True,,1,83,A,True
https://www.bikedekho.com/indian/challenger-dark-horse,model_page,200,2026-01-23,very_stale,260,1756,True,4.3,3,70,B,True
https://www.bikedekho.com/indian/scout-bobber-sixty,model_page,200,2025-08-26,very_stale,410,2340,True,4.5,2,77,B,True
https://www.bikedekho.com/indian/chief-bobber-dark-horse,model_page,200,2026-01-23,very_stale,260,2407,True,4.5,4,77,B,True
https://www.bikedekho.com/indian/super-chief-limited,model_page,200,2026-01-23,very_stale,260,1846,True,4.2,2,70,B,True
https://www.bikedekho.com/indian/pursuit-limited,model_page,200,2026-01-23,very_stale,260,1913,True,4.3,3,70,B,True
https://www.bikedekho.com/indian/challenger,model_page,200,2026-01-23,very_stale,260,1626,True,4.7,1,70,B,True
https://www.bikedekho.com/indian/springfield,model_page,200,2026-01-23,very_stale,260,1493,True,4.8,1,57,C,True
https://www.bikedekho.com/indian/roadmaster,model_page,200,2026-02-22,very_stale,230,2146,True,4.7,1,77,B,True
https://www.bikedekho.com/indian/chief-bobber,model_page,200,2026-01-23,very_stale,260,1552,True,4.8,3,57,C,True
https://www.bikedekho.com/indian/super-chief,model_page,200,2026-01-23,very_stale,260,1551,True,4.5,2,57,C,True
https://www.bikedekho.com/indian/super-chief-dark-horse,model_page,200,2026-01-23,very_stale,260,1637,True,4.8,3,57,C,True
https://www.bikedekho.com/indian/challenger-limited,model_page,200,2026-01-23,very_stale,260,1707,True,4.8,2,70,B,True
https://www.bikedekho.com/indian/pursuit-dark-horse,model_page,200,2026-01-23,very_stale,260,1626,True,4.7,1,57,C,True
https://www.bikedekho.com/indian/roadmaster-dark-horse,model_page,200,2026-04-13,stale,180,1773,True,4.2,1,72,B,True
https://www.bikedekho.com/indian/roadmaster-limited,model_page,200,2026-01-23,very_stale,260,1795,True,4.5,1,70,B,True
https://www.bikedekho.com/indian/scout-bobber,model_page,200,2026-10-07,fresh,3,1599,True,4.9,2,82,A,True
https://www.bikedekho.com/indian/sport-scout-sixty,model_page,200,2026-04-13,stale,180,2138,True,4.3,14,66,B,True
https://www.bikedekho.com/indian/scout-classic,model_page,200,2026-04-13,stale,180,1595,True,4.5,2,59,C,True
https://www.bikedekho.com/indian/sport-scout,model_page,200,2026-04-13,stale,180,1597,True,4.2,2,59,C,True
https://www.bikedekho.com/indian/101-scout,model_page,200,2026-04-13,stale,180,1798,True,4.2,1,72,B,True
https://www.bikedekho.com/indian/super-scout,model_page,200,2025-08-27,very_stale,409,1612,True,4.2,2,57,C,True
https://www.bikedekho.com/indian/scout-sixty-limited,model_page,200,2025-08-27,very_stale,409,1647,True,4.2,2,57,C,True
https://www.bikedekho.com/lml/hyperbike,model_page,200,2026-02-07,very_stale,245,1256,True,,,62,C,True
https://www.bikedekho.com/lml/lml-star,model_page,200,2026-02-07,very_stale,245,1425,True,,,59,C,True
https://www.bikedekho.com/moto-morini/x-cape,model_page,200,2026-01-16,very_stale,267,1941,True,4.5,1,70,B,True
https://www.bikedekho.com/moto-morini/seiemmezzo-6,model_page,200,2026-01-29,very_stale,254,2100,True,3.5,2,70,B,True
https://www.bikedekho.com/benelli/tnt-302,model_page,200,2026-02-06,very_stale,246,2608,True,,300,74,B,True
https://www.bikedekho.com/benelli/tornado-302,model_page,200,2026-02-06,very_stale,246,2475,True,,,68,B,True
https://www.bikedekho.com/benelli/trk-502,model_page,200,2026-10-08,fresh,2,3612,True,4.2,14,89,A,True
https://www.bikedekho.com/benelli/leoncino,model_page,200,2025-12-08,very_stale,306,2820,True,4.4,10,77,B,True
https://www.bikedekho.com/benelli/752-s,model_page,200,2026-02-09,very_stale,243,1383,True,,,62,C,True
https://www.bikedekho.com/benelli/302-s,model_page,200,2026-02-06,very_stale,246,1725,True,,,61,C,True
https://www.bikedekho.com/benelli/502-c,model_page,200,2025-12-08,very_stale,306,3534,True,4.3,11,77,B,True
https://www.bikedekho.com/benelli/leoncino-800,model_page,200,2026-02-06,very_stale,246,1437,True,,800,67,B,False
https://www.bikedekho.com/keeway/k-light-250v,model_page,200,2026-10-08,fresh,2,3282,True,4.0,26,89,A,True
https://www.bikedekho.com/keeway/vieste-300,model_page,200,2026-06-04,stale,128,2248,True,3.9,31,79,B,True
https://www.bikedekho.com/keeway/sixties-300i,model_page,200,2025-12-05,very_stale,309,2207,True,4.1,29,70,B,True
https://www.bikedekho.com/keeway/v302c,model_page,200,2026-10-09,fresh,1,2475,True,3.9,37,89,A,True
https://www.bikedekho.com/keeway/sr125,model_page,200,2026-10-09,fresh,1,2928,True,4.3,68,90,A,True
https://www.bikedekho.com/keeway/sr250,model_page,200,2026-10-08,fresh,2,2476,True,4.2,32,89,A,True
https://www.bikedekho.com/keeway/lfs700,model_page,200,2025-07-04,very_stale,463,1362,True,,700,57,C,True
https://www.bikedekho.com/keeway/lfc-700,model_page,200,2025-07-04,very_stale,463,1706,True,,700,69,B,True
https://www.bikedekho.com/keeway/darkflag,model_page,200,2025-07-04,very_stale,463,1524,True,,,57,C,True
https://www.bikedekho.com/keeway/k300-sf,model_page,200,2026-03-30,very_stale,194,2603,True,4.1,3,77,B,True
https://www.bikedekho.com/keeway/rr-300,model_page,200,2026-10-09,fresh,1,1764,True,4.8,1,82,A,True
https://www.bikedekho.com/keeway/hypevolt-r,model_page,200,2026-10-09,fresh,1,2298,True,4.5,29,82,A,True
https://www.bikedekho.com/ather-energy/rizta,model_page,200,2026-10-08,fresh,2,7585,True,4.6,84,90,A,True
https://www.bikedekho.com/ather-energy/450x,model_page,200,2026-10-07,fresh,3,7423,True,4.8,75,90,A,True
https://www.bikedekho.com/ather-energy/450s,model_page,200,2026-10-07,fresh,3,2964,True,4.6,3,89,A,True
https://www.bikedekho.com/ather-energy/450-apex,model_page,200,2026-10-07,fresh,3,3389,True,4.8,5,89,A,True
https://www.bikedekho.com/ather-energy/ather-electric-bike,model_page,200,2025-08-12,very_stale,424,1101,True,,,51,C,True
https://www.bikedekho.com/ather-energy/konarc,model_page,200,2026-10-07,fresh,3,3747,True,4.4,485,84,A,True
https://www.bikedekho.com/ather-energy/redux-concept,model_page,200,2026-02-07,very_stale,245,1728,True,,,66,B,True
https://www.bikedekho.com/tork/kratos-x,model_page,200,2026-02-07,very_stale,245,1336,True,,,59,C,True
https://www.bikedekho.com/tork/tork-electric-scooter,model_page,200,2026-02-26,very_stale,226,1132,True,,,49,D,True
https://www.bikedekho.com/tork/tork-electric-bike,model_page,200,2025-07-04,very_stale,463,1185,True,,,48,D,True
https://www.bikedekho.com/okinawa/ridge,model_page,200,2025-12-24,very_stale,290,2834,True,3.7,46,70,B,True
https://www.bikedekho.com/okinawa/i-praise,model_page,200,2026-06-03,stale,129,2739,True,4.1,60,73,B,True
https://www.bikedekho.com/okinawa/praisepro,model_page,200,2026-10-04,fresh,6,2590,True,3.8,93,90,A,True
https://www.bikedekho.com/okinawa/lite,model_page,200,2026-10-09,fresh,1,2850,True,4.1,40,82,A,True
https://www.bikedekho.com/okinawa/okinawa-cruiser,model_page,200,2026-02-07,very_stale,245,1404,True,,,54,C,True
https://www.bikedekho.com/okinawa/r30,model_page,200,2026-10-09,fresh,1,3051,True,4.2,35,89,A,True
https://www.bikedekho.com/okinawa/dual,model_page,200,2025-12-24,very_stale,290,2776,True,4.1,36,70,B,True
https://www.bikedekho.com/okinawa/oki90,model_page,200,2026-02-26,very_stale,226,3051,True,4.2,35,70,B,True
https://www.bikedekho.com/ampere/reo,model_page,200,2026-10-09,fresh,1,2952,True,4.4,18,89,A,True
https://www.bikedekho.com/ampere/nexus,model_page,200,2026-10-09,fresh,1,3967,True,4.3,24,96,A,True
https://www.bikedekho.com/ampere/xyber,model_page,200,2026-02-07,very_stale,245,1172,True,,,54,C,True
https://www.bikedekho.com/ampere/xpress,model_page,200,2026-02-07,very_stale,245,1132,True,,,54,C,True
https://www.bikedekho.com/ampere/magnus-g-max,model_page,200,2026-10-09,fresh,1,3655,True,4.9,4,89,A,True
https://www.bikedekho.com/ampere/magnus-neo,model_page,200,2026-10-07,fresh,3,2142,True,4.4,485,84,A,True
https://www.bikedekho.com/husqvarna/vitpilen,model_page,200,2026-02-09,very_stale,243,1478,True,,401,67,B,True
https://www.bikedekho.com/husqvarna/svartpilen-401,model_page,200,2026-10-08,fresh,2,2988,True,4.3,10,89,A,True
https://www.bikedekho.com/husqvarna/vitpilen-250,model_page,200,2026-06-20,stale,112,3428,True,4.1,46,79,B,True
https://www.bikedekho.com/husqvarna/svartpilen-200,model_page,200,2025-08-12,very_stale,424,1565,True,,201,63,C,True
https://www.bikedekho.com/husqvarna/svartpilen-125,model_page,200,2026-02-07,very_stale,245,1739,True,,125,65,B,True
https://www.bikedekho.com/husqvarna/vitpilen-125,model_page,200,2025-08-12,very_stale,424,1568,True,,125,65,B,True
https://www.bikedekho.com/husqvarna/vektorr-concept,model_page,200,2026-02-07,very_stale,245,1305,True,,,49,D,True
https://www.bikedekho.com/husqvarna/2025-svartpilen-401,model_page,200,2026-03-30,very_stale,194,992,True,,,48,D,False
https://www.bikedekho.com/husqvarna/2025-vitpilen-250,model_page,200,2026-03-30,very_stale,194,898,True,,,52,C,False
https://www.bikedekho.com/norton/450,model_page,200,2026-08-01,ageing,70,1012,True,,,55,C,False
https://www.bikedekho.com/norton/norton-650,model_page,200,2026-08-01,ageing,70,803,True,,,55,C,False
https://www.bikedekho.com/norton/700,model_page,200,2026-08-01,ageing,70,993,True,,,53,C,True
https://www.bikedekho.com/norton/manx,model_page,200,2026-09-10,recent,30,671,True,,,59,C,False
https://www.bikedekho.com/norton/atlas,model_page,200,2026-09-10,recent,30,2521,True,,,63,C,True
https://www.bikedekho.com/norton/manx-r,model_page,200,2026-09-10,recent,30,1770,True,,,76,B,True
https://www.bikedekho.com/fb-mondial/piega-452,model_page,200,2026-04-30,stale,163,1103,True,,,54,C,False
https://www.bikedekho.com/avan-motors/rompus-plus,model_page,200,2026-01-28,very_stale,255,1463,True,5.0,1,70,B,True
https://www.bikedekho.com/avan-motors/bazinga,model_page,200,2026-01-28,very_stale,255,1515,True,3.7,1,70,B,True
https://www.bikedekho.com/avan-motors/roadlark,model_page,200,2026-01-15,very_stale,268,1613,True,4.2,1,70,B,True
https://www.bikedekho.com/jawa-motorcycles/jawa-350,model_page,200,2026-10-09,fresh,1,3671,True,4.3,52,90,A,True
https://www.bikedekho.com/jawa-motorcycles/jawa-42,model_page,200,2026-10-08,fresh,2,6339,True,4.5,132,91,A,True
https://www.bikedekho.com/jawa-motorcycles/jawa-perak,model_page,200,2026-10-08,fresh,2,3673,True,4.5,145,91,A,True
https://www.bikedekho.com/jawa-motorcycles/42-bobber,model_page,200,2026-10-09,fresh,1,6701,True,4.5,176,92,A,True
https://www.bikedekho.com/jawa-motorcycles/42-fj,model_page,200,2026-10-07,fresh,3,6176,True,4.5,62,90,A,True
https://www.bikedekho.com/lambretta/v125,model_page,200,2026-02-06,very_stale,246,1224,True,,125,60,C,True
https://www.bikedekho.com/cfmoto/650mt,model_page,200,2026-01-05,very_stale,278,1705,True,4.0,2,70,B,True
https://www.bikedekho.com/cfmoto/650nk,model_page,200,2026-01-05,very_stale,278,1909,True,4.5,6,70,B,True
https://www.bikedekho.com/cfmoto/300nk,model_page,200,2026-10-08,fresh,2,1953,True,3.6,5,82,A,True
https://www.bikedekho.com/cfmoto/650gt,model_page,200,2026-01-05,very_stale,278,1716,True,3.7,2,70,B,True
https://www.bikedekho.com/cfmoto/450-mt,model_page,200,2026-02-06,very_stale,246,1363,True,,,56,C,False
https://www.bikedekho.com/cfmoto/450sr,model_page,200,2025-08-20,very_stale,416,1292,True,,,56,C,False
https://www.bikedekho.com/cfmoto/450ss,model_page,200,2025-09-02,very_stale,403,1020,True,,,54,C,False
https://www.bikedekho.com/revolt/rvx,model_page,200,2026-10-09,fresh,1,2743,True,4.6,5,82,A,True
https://www.bikedekho.com/revolt/rv-400,model_page,200,2026-10-07,fresh,3,3888,True,4.4,371,96,A,True
https://www.bikedekho.com/revolt/rv400-brz,model_page,200,2026-10-05,fresh,5,3263,True,4.2,24,89,A,True
https://www.bikedekho.com/revolt/rv1,model_page,200,2026-10-09,fresh,1,3205,True,4.5,59,90,A,True
https://www.bikedekho.com/revolt/rv-blazex,model_page,200,2026-10-02,recent,8,3248,True,4.5,4,86,A,True
https://www.bikedekho.com/komaki/xone,model_page,200,2026-10-08,fresh,2,3107,True,4.6,202,93,A,True
https://www.bikedekho.com/komaki/xgtkm,model_page,200,2026-10-09,fresh,1,2362,True,4.1,20,88,A,True
https://www.bikedekho.com/komaki/x2-vogue,model_page,200,2026-10-08,fresh,2,1921,True,4.6,6,82,A,True
https://www.bikedekho.com/komaki/tn-95,model_page,200,2025-12-30,very_stale,284,2128,True,4.7,8,72,B,True
https://www.bikedekho.com/komaki/se,model_page,200,2026-10-06,fresh,4,2041,True,4.6,8,88,A,True
https://www.bikedekho.com/komaki/xgt-x5,model_page,200,2026-10-09,fresh,1,2017,True,4.4,6,82,A,True
https://www.bikedekho.com/komaki/ranger,model_page,200,2026-10-08,fresh,2,2855,True,4.4,52,90,A,True
https://www.bikedekho.com/komaki/venice,model_page,200,2026-08-14,ageing,57,2055,True,4.4,7,75,B,True
https://www.bikedekho.com/komaki/xgt-vp,model_page,200,2025-12-30,very_stale,284,1913,True,4.5,5,72,B,True
https://www.bikedekho.com/komaki/flora,model_page,200,2026-10-09,fresh,1,2577,True,4.3,14,82,A,True
https://www.bikedekho.com/komaki/xgt-x4,model_page,200,2025-12-30,very_stale,284,2015,True,4.7,4,72,B,True
https://www.bikedekho.com/komaki/xgt-cat-2,model_page,200,2026-10-08,fresh,2,2514,True,4.5,8,88,A,True
https://www.bikedekho.com/komaki/ly,model_page,200,2026-10-09,fresh,1,1981,True,4.7,4,82,A,True
https://www.bikedekho.com/komaki/dt-3000,model_page,200,2025-12-30,very_stale,284,1715,True,4.8,4,72,B,True
https://www.bikedekho.com/komaki/cat-2-nxt,model_page,200,2025-10-30,very_stale,345,2017,True,4.7,2,72,B,True
https://www.bikedekho.com/komaki/xr1,model_page,200,2026-10-08,fresh,2,2053,True,4.4,8,88,A,True
https://www.bikedekho.com/komaki/x-3,model_page,200,2026-10-09,fresh,1,1981,True,4.2,5,88,A,True
https://www.bikedekho.com/komaki/xr7,model_page,200,2026-10-09,fresh,1,2311,True,4.9,7,88,A,True
https://www.bikedekho.com/komaki/fam-2-0,model_page,200,2026-10-08,fresh,2,1511,True,4.4,485,79,B,True
https://www.bikedekho.com/komaki/fam-1-0,model_page,200,2026-08-28,ageing,43,2029,True,4.4,2,79,B,True
https://www.bikedekho.com/komaki/mx16-pro,model_page,200,2026-10-08,fresh,2,1566,True,4.6,5,79,B,True
https://www.bikedekho.com/komaki/komaki-mg-pro,model_page,200,2026-10-08,fresh,2,2054,True,4.7,2,89,A,True
https://www.bikedekho.com/lectro-electric/winn,model_page,200,2026-01-16,very_stale,267,1930,True,4.2,3,70,B,True
https://www.bikedekho.com/lectro-electric/winn-x,model_page,200,2026-01-09,very_stale,274,1638,True,4.2,3,70,B,True
https://www.bikedekho.com/lectro-electric/c5x,model_page,200,2026-01-09,very_stale,274,1673,True,4.3,25,63,C,True
https://www.bikedekho.com/lectro-electric/h3,model_page,200,2026-01-09,very_stale,274,1802,True,3.8,3,70,B,True
https://www.bikedekho.com/lectro-electric/h5,model_page,200,2026-01-09,very_stale,274,1676,True,4.5,2,70,B,True
https://www.bikedekho.com/lectro-electric/muv-e,model_page,200,2026-01-09,very_stale,274,1486,True,4.5,3,70,B,True
https://www.bikedekho.com/lectro-electric/v24,model_page,200,2026-01-09,very_stale,274,1346,True,4.0,1,66,B,True
https://www.bikedekho.com/lectro-electric/h4,model_page,200,2026-01-09,very_stale,274,1368,True,5.0,2,66,B,True
https://www.bikedekho.com/lectro-electric/h7,model_page,200,2026-01-09,very_stale,274,1597,True,4.8,4,66,B,True
https://www.bikedekho.com/lectro-electric/y3,model_page,200,2026-01-29,very_stale,254,1679,True,4.3,3,70,B,True
https://www.bikedekho.com/polarity-smart/polarity-smart-sport,model_page,200,2026-01-05,very_stale,278,1626,True,5.0,3,70,B,True
https://www.bikedekho.com/polarity-smart/executive,model_page,200,2026-07-28,ageing,74,1518,True,3.7,2,75,B,True
https://www.bikedekho.com/avera/retrosa,model_page,200,2026-10-07,fresh,3,2389,True,4.3,9,82,A,True
https://www.bikedekho.com/ujaas-energy/ego,model_page,200,2026-10-09,fresh,1,2024,True,4.5,24,82,A,True
https://www.bikedekho.com/ujaas-energy/espa,model_page,200,2026-01-05,very_stale,278,1713,True,4.9,4,70,B,True
https://www.bikedekho.com/ujaas-energy/ego-t3,model_page,200,2026-01-05,very_stale,278,1697,True,3.9,2,70,B,True
https://www.bikedekho.com/ujaas-energy/espa-li,model_page,200,2026-01-05,very_stale,278,1602,True,5.0,1,70,B,True
https://www.bikedekho.com/ujaas-energy/ego-li,model_page,200,2026-01-16,very_stale,267,1615,True,4.7,2,70,B,True
https://www.bikedekho.com/raftaar/electrica,model_page,200,2026-01-05,very_stale,278,1575,True,3.8,1,70,B,True
https://www.bikedekho.com/raftaar/galaxy,model_page,200,2026-08-24,ageing,47,1640,True,3.8,4,75,B,True
https://www.bikedekho.com/raftaar/raftaar-cruiser,model_page,200,2026-01-05,very_stale,278,1583,True,4.0,1,70,B,True
https://www.bikedekho.com/raftaar/bumblebee,model_page,200,2026-04-22,stale,171,1632,True,4.1,2,72,B,True
https://www.bikedekho.com/yezdi-motorcycles/yezdi-roadking,model_page,200,2026-02-07,very_stale,245,1559,True,,,57,C,True
https://www.bikedekho.com/yezdi-motorcycles/adventure,model_page,200,2026-10-09,fresh,1,5128,True,4.3,12,89,A,True
https://www.bikedekho.com/yezdi-motorcycles/yezdi-roadster,model_page,200,2026-10-08,fresh,2,5719,True,4.7,40,89,A,True
https://www.bikedekho.com/yezdi-motorcycles/scrambler-350,model_page,200,2026-10-08,fresh,2,2633,True,4.5,16,82,A,False
https://www.bikedekho.com/yukie/yuvee,model_page,200,2026-10-09,fresh,1,2037,True,4.5,9,82,A,True
https://www.bikedekho.com/yukie/shiga,model_page,200,2026-01-19,very_stale,264,1495,True,4.0,1,70,B,True
https://www.bikedekho.com/super-eco/t1,model_page,200,2026-01-16,very_stale,267,1797,True,4.2,4,70,B,True
https://www.bikedekho.com/super-eco/s-2,model_page,200,2026-01-16,very_stale,267,1613,True,5.0,1,70,B,True
https://www.bikedekho.com/eeve/xeniaa,model_page,200,2026-01-05,very_stale,278,1715,True,4.3,3,70,B,True
https://www.bikedekho.com/eeve/wind,model_page,200,2026-10-09,fresh,1,1598,True,4.0,1,82,A,True
https://www.bikedekho.com/eeve/tesoro,model_page,200,2025-07-04,very_stale,463,1417,True,,,55,C,True
https://www.bikedekho.com/eeve/forseti,model_page,200,2025-07-04,very_stale,463,1446,True,,,55,C,True
https://www.bikedekho.com/eeve/ahava,model_page,200,2026-01-05,very_stale,278,1761,True,4.2,2,70,B,True
https://www.bikedekho.com/eeve/atreo,model_page,200,2026-01-05,very_stale,278,1525,True,4.7,107,65,B,True
https://www.bikedekho.com/eeve/soul,model_page,200,2026-01-05,very_stale,278,1693,True,5.0,1,70,B,True
https://www.bikedekho.com/pure-ev/gepluto-7g,model_page,200,2026-01-07,very_stale,276,2506,True,3.2,19,81,A,True
https://www.bikedekho.com/pure-ev/etrance-neo,model_page,200,2026-01-07,very_stale,276,2813,True,2.8,9,70,B,True
https://www.bikedekho.com/pure-ev/etryst-350,model_page,200,2026-01-07,very_stale,276,2568,True,3.7,8,70,B,True
https://www.bikedekho.com/pure-ev/ecodryft,model_page,200,2026-01-07,very_stale,276,2349,True,3.5,4,77,B,True
https://www.bikedekho.com/pure-ev/epluto-7g-max,model_page,200,2026-08-23,ageing,48,2328,True,4.4,5,75,B,True
https://www.bikedekho.com/gemopai/ryder,model_page,200,2026-01-05,very_stale,278,1826,True,4.3,3,70,B,True
https://www.bikedekho.com/gemopai/astrid-lite,model_page,200,2026-01-05,very_stale,278,3395,True,2.6,5,77,B,True
https://www.bikedekho.com/gemopai/ryder-supermax,model_page,200,2026-01-05,very_stale,278,2081,True,4.0,4,70,B,True
https://www.bikedekho.com/toutche-electric/m200,model_page,200,2026-01-05,very_stale,278,1439,True,4.3,25,63,C,True
https://www.bikedekho.com/toutche-electric/h200,model_page,200,2026-01-05,very_stale,278,1441,True,4.3,25,63,C,True
https://www.bikedekho.com/toutche-electric/m100,model_page,200,2026-01-05,very_stale,278,1451,True,4.3,25,63,C,True
https://www.bikedekho.com/toutche-electric/h100,model_page,200,2026-01-05,very_stale,278,1430,True,4.3,25,63,C,True
https://www.bikedekho.com/evoke-motorcycles/urban-s,model_page,200,2026-01-05,very_stale,278,1318,True,,,62,C,True
https://www.bikedekho.com/evoke-motorcycles/urban-classic,model_page,200,2026-01-05,very_stale,278,1333,True,,,62,C,True
https://www.bikedekho.com/ultraviolette/f77,model_page,200,2026-10-09,fresh,1,6243,True,4.6,187,92,A,True
https://www.bikedekho.com/ultraviolette/f99,model_page,200,2026-02-06,very_stale,246,1785,True,,99,60,C,True
https://www.bikedekho.com/ultraviolette/x47-crossover,model_page,200,2026-10-09,fresh,1,6366,True,4.9,14,89,A,True
https://www.bikedekho.com/ultraviolette/f77-superstreet,model_page,200,2025-09-03,very_stale,402,2378,True,4.7,4,77,B,True
https://www.bikedekho.com/ultraviolette/tesseract,model_page,200,2026-06-01,stale,131,3275,True,,,70,B,True
https://www.bikedekho.com/ultraviolette/shockwave,model_page,200,2026-09-10,recent,30,2488,True,,,77,B,True
https://www.bikedekho.com/orxa-energies/mantis,model_page,200,2026-10-09,fresh,1,2376,True,4.4,10,82,A,True
https://www.bikedekho.com/emote-electric/surge,model_page,200,2026-01-05,very_stale,278,1543,True,,,54,C,True
https://www.bikedekho.com/kabira-mobility/hermes-75,model_page,200,2026-01-05,very_stale,278,1763,True,3.7,2,70,B,True
https://www.bikedekho.com/kabira-mobility/km-3000,model_page,200,2026-10-08,fresh,2,2684,True,4.6,19,82,A,True
https://www.bikedekho.com/kabira-mobility/km-4000,model_page,200,2026-10-09,fresh,1,2785,True,3.8,14,82,A,True
https://www.bikedekho.com/kabira-mobility/km-5000,model_page,200,2026-02-09,very_stale,243,1553,True,,5000,62,C,True
https://www.bikedekho.com/amomobility/jaunty,model_page,200,2026-10-08,fresh,2,2402,True,4.6,39,82,A,True
https://www.bikedekho.com/amomobility/feisty,model_page,200,2026-01-06,very_stale,277,1635,True,4.6,46,63,C,True
https://www.bikedekho.com/amomobility/inspirer,model_page,200,2026-01-06,very_stale,277,2120,True,4.5,8,70,B,True
https://www.bikedekho.com/amomobility/jaunty-3w,model_page,200,2026-10-07,fresh,3,2040,True,4.6,10,82,A,True
https://www.bikedekho.com/amomobility/jaunty-plus,model_page,200,2026-01-06,very_stale,277,2014,True,4.7,4,70,B,True
https://www.bikedekho.com/amomobility/jaunty-pro,model_page,200,2026-01-06,very_stale,277,1847,True,4.3,5,70,B,True
https://www.bikedekho.com/amomobility/brisk,model_page,200,2026-01-06,very_stale,277,1658,True,4.0,1,70,B,True
https://www.bikedekho.com/amomobility/jaunty-i-pro,model_page,200,2026-01-06,very_stale,277,1656,True,4.4,485,71,B,True
https://www.bikedekho.com/amomobility/jaunty-s,model_page,200,2026-01-06,very_stale,277,1520,True,4.8,7,63,C,True
https://www.bikedekho.com/amomobility/jaunty-l,model_page,200,2026-01-06,very_stale,277,1530,True,4.8,7,63,C,True
https://www.bikedekho.com/essel-energy/get-1,model_page,200,2026-01-06,very_stale,277,2045,True,4.4,3,70,B,True
https://www.bikedekho.com/essel-energy/get-5,model_page,200,2026-07-31,ageing,71,1654,True,4.2,2,75,B,True
https://www.bikedekho.com/essel-energy/essel-energy-wind,model_page,200,2026-01-31,very_stale,252,1768,True,3.7,1,70,B,True
https://www.bikedekho.com/essel-energy/get-1plus,model_page,200,2026-01-06,very_stale,277,1754,True,3.8,1,70,B,True
https://www.bikedekho.com/essel-energy/get-max,model_page,200,2026-01-06,very_stale,277,1625,True,3.7,2,70,B,True
https://www.bikedekho.com/essel-energy/get-a,model_page,200,2026-01-06,very_stale,277,1614,True,3.9,2,70,B,True
https://www.bikedekho.com/joy-e/glob,model_page,200,2026-01-07,very_stale,276,1691,True,4.3,2,70,B,True
https://www.bikedekho.com/joy-e/wolf,model_page,200,2026-10-09,fresh,1,1786,True,4.2,4,82,A,True
https://www.bikedekho.com/joy-e/gen-nxt-nanu-e-scooter,model_page,200,2026-10-06,fresh,4,2202,True,3.0,6,82,A,True
https://www.bikedekho.com/joy-e/hurricane,model_page,200,2026-01-07,very_stale,276,1769,True,3.8,5,70,B,True
https://www.bikedekho.com/joy-e/thunderbolt,model_page,200,2026-01-07,very_stale,276,1603,True,4.5,2,70,B,True
https://www.bikedekho.com/joy-e/beast,model_page,200,2026-07-03,stale,99,1880,True,4.5,3,72,B,True
https://www.bikedekho.com/joy-e/wolfplus,model_page,200,2026-01-07,very_stale,276,1751,True,4.7,1,70,B,True
https://www.bikedekho.com/joy-e/gen-nxt-nanu-plus,model_page,200,2026-01-07,very_stale,276,2070,True,4.4,4,70,B,True
https://www.bikedekho.com/joy-e/mihos,model_page,200,2026-01-07,very_stale,276,2345,True,4.8,7,77,B,True
https://www.bikedekho.com/tunwal/strom-zx,model_page,200,2026-10-09,fresh,1,1938,True,4.1,2,82,A,True
https://www.bikedekho.com/tunwal/mini-lithino-48v,model_page,200,2026-10-08,fresh,2,2658,True,4.4,9,82,A,True
https://www.bikedekho.com/tunwal/storm-zx-advance-1,model_page,200,2026-01-30,very_stale,253,1680,True,3.0,1,70,B,True
https://www.bikedekho.com/tunwal/storm-zx-advance-2,model_page,200,2026-10-09,fresh,1,1682,True,5.0,1,82,A,True
https://www.bikedekho.com/tunwal/alfa-pro,model_page,200,2026-10-08,fresh,2,1794,True,4.6,46,75,B,True
https://www.bikedekho.com/tunwal/sport-63,model_page,200,2026-10-08,fresh,2,1594,True,4.8,7,75,B,True
https://www.bikedekho.com/tunwal/lithino-pro,model_page,200,2026-10-09,fresh,1,1794,True,4.7,1,82,A,True
https://www.bikedekho.com/tunwal/e-boat,model_page,200,2026-01-22,very_stale,261,1587,True,4.7,107,65,B,True
https://www.bikedekho.com/tunwal/storm-xl,model_page,200,2026-10-09,fresh,1,1632,True,4.7,107,77,B,True
https://www.bikedekho.com/tunwal/roma-n,model_page,200,2026-10-09,fresh,1,1632,True,4.7,107,77,B,True
https://www.bikedekho.com/tunwal/alfa-lite,model_page,200,2026-10-09,fresh,1,1590,True,4.8,7,75,B,True
https://www.bikedekho.com/ola-electric/ola-roadster,model_page,200,2026-10-09,fresh,1,3264,True,4.6,123,91,A,True
https://www.bikedekho.com/ola-electric/ola-cruiser,model_page,200,2026-06-01,stale,131,2195,True,4.7,4,71,B,True
https://www.bikedekho.com/ola-electric/ola-adventure,model_page,200,2026-02-09,very_stale,243,1625,True,,,55,C,True
https://www.bikedekho.com/ola-electric/ola-diamondhead,model_page,200,2026-02-09,very_stale,243,1985,True,,,66,B,True
https://www.bikedekho.com/ola-electric/roadster-x,model_page,200,2026-10-08,fresh,2,3373,True,4.7,37,89,A,True
https://www.bikedekho.com/ola-electric/roadster-pro,model_page,200,2026-10-09,fresh,1,3262,True,4.8,44,89,A,True
https://www.bikedekho.com/ola-electric/s1-z,model_page,200,2026-10-09,fresh,1,3588,True,4.6,46,89,A,True
https://www.bikedekho.com/ola-electric/s1x,model_page,200,2026-10-07,fresh,3,4305,True,4.7,107,91,A,True
https://www.bikedekho.com/ola-electric/s1-pro-plus,model_page,200,2026-10-06,fresh,4,4583,True,4.7,23,89,A,True
https://www.bikedekho.com/ola-electric/s1-pro,model_page,200,2026-10-09,fresh,1,4574,True,4.5,72,90,A,True
https://www.bikedekho.com/ola-electric/s1-x-plus,model_page,200,2026-10-09,fresh,1,3451,True,4.7,7,89,A,True
https://www.bikedekho.com/ola-electric/roadster-x-plus,model_page,200,2026-10-08,fresh,2,3283,True,4.7,7,89,A,True
https://www.bikedekho.com/ola-electric/s1-pro-sport,model_page,200,2026-10-08,fresh,2,2454,True,5.0,3,89,A,True
https://www.bikedekho.com/bgauss/c12i-max,model_page,200,2026-10-07,fresh,3,2785,True,3.9,37,82,A,True
https://www.bikedekho.com/bgauss/ruv350,model_page,200,2026-10-09,fresh,1,2955,True,4.7,7,89,A,True
https://www.bikedekho.com/bgauss/oowah,model_page,200,2026-10-07,fresh,3,2573,True,4.5,2,89,A,True
https://www.bikedekho.com/bgauss/c12-maxr,model_page,200,2026-10-09,fresh,1,2709,True,4.4,485,90,A,True
https://www.bikedekho.com/simple-energy/wave,model_page,200,2026-10-08,fresh,2,2740,True,4.4,485,90,A,True
https://www.bikedekho.com/simple-energy/simple-one,model_page,200,2026-10-09,fresh,1,3516,True,4.5,1,89,A,True
https://www.bikedekho.com/simple-energy/simple-ultra,model_page,200,2026-10-09,fresh,1,2611,True,4.5,29,82,A,True
https://www.bikedekho.com/yobykes/drift,model_page,200,2026-10-09,fresh,1,1988,True,3.9,3,82,A,True
https://www.bikedekho.com/yobykes/electron-dx,model_page,200,2026-10-08,fresh,2,1670,True,3.0,1,82,A,True
https://www.bikedekho.com/yobykes/trust-drift-hx,model_page,200,2026-01-27,very_stale,256,1667,True,4.4,485,71,B,True
https://www.bikedekho.com/yobykes/edge-dx,model_page,200,2026-01-08,very_stale,275,1542,True,4.6,46,63,C,True
https://www.bikedekho.com/odysse-electric/evoqis,model_page,200,2026-01-08,very_stale,275,2379,True,4.2,12,77,B,True
https://www.bikedekho.com/odysse-electric/odysse-hawk,model_page,200,2026-01-29,very_stale,254,1778,True,4.0,3,70,B,True
https://www.bikedekho.com/odysse-electric/e2go,model_page,200,2026-01-08,very_stale,275,1923,True,4.1,2,70,B,True
https://www.bikedekho.com/odysse-electric/v2,model_page,200,2026-03-07,very_stale,217,1833,True,4.0,1,70,B,True
https://www.bikedekho.com/odysse-electric/vader,model_page,200,2026-01-08,very_stale,275,1836,True,4.0,2,70,B,True
https://www.bikedekho.com/odysse-electric/trot,model_page,200,2026-01-23,very_stale,260,1502,True,4.4,485,71,B,True
https://www.bikedekho.com/odysse-electric/snap,model_page,200,2026-01-08,very_stale,275,1623,True,4.2,8,63,C,True
https://www.bikedekho.com/odysse-electric/racer-neo,model_page,200,2026-01-26,very_stale,257,1636,True,4.8,1,70,B,True
https://www.bikedekho.com/stella/sa2000,model_page,200,2026-01-08,very_stale,275,1501,True,4.2,8,63,C,True
https://www.bikedekho.com/stella/buzz,model_page,200,2026-01-08,very_stale,275,1377,True,4.4,485,71,B,True
https://www.bikedekho.com/sym/joymaxz-300,model_page,200,2026-02-07,very_stale,245,1283,True,,,52,C,False
https://www.bikedekho.com/nds-eco-motors/e2c,model_page,200,2025-12-30,very_stale,284,1640,True,4.4,485,71,B,True
https://www.bikedekho.com/nds-eco-motors/sqd,model_page,200,2025-12-30,very_stale,284,1605,True,4.4,485,71,B,True
https://www.bikedekho.com/hcd-india/nps-cargo,model_page,200,2026-02-07,very_stale,245,1606,True,4.2,8,63,C,True
https://www.bikedekho.com/fidato-evtech/cutie,model_page,200,2026-01-19,very_stale,264,1684,True,4.4,2,70,B,True
https://www.bikedekho.com/fidato-evtech/future-2020,model_page,200,2026-01-19,very_stale,264,1763,True,3.5,2,70,B,True
https://www.bikedekho.com/fidato-evtech/easy-go,model_page,200,2026-10-09,fresh,1,1848,True,3.6,3,82,A,True
https://www.bikedekho.com/fidato-evtech/eaasygo-plus,model_page,200,2026-01-19,very_stale,264,1574,True,4.4,485,71,B,True
https://www.bikedekho.com/fidato-evtech/loder,model_page,200,2026-01-19,very_stale,264,1497,True,4.2,8,63,C,True
https://www.bikedekho.com/emotorad/t-rex,model_page,200,2026-01-08,very_stale,275,1539,True,3.8,1,70,B,True
https://www.bikedekho.com/emotorad/emx,model_page,200,2026-01-08,very_stale,275,1939,True,4.4,6,70,B,True
https://www.bikedekho.com/emotorad/doodle,model_page,200,2026-10-08,fresh,2,1941,True,3.8,3,89,A,True
https://www.bikedekho.com/emotorad/emotorad-x1,model_page,200,2026-01-08,very_stale,275,2191,True,4.5,7,77,B,True
https://www.bikedekho.com/emotorad/x2,model_page,200,2026-01-08,very_stale,275,1465,True,4.4,2,70,B,True
https://www.bikedekho.com/emotorad/x3,model_page,200,2026-01-08,very_stale,275,1481,True,4.3,2,70,B,True
https://www.bikedekho.com/emotorad/legend-07,model_page,200,2026-01-08,very_stale,275,1476,True,3.8,1,70,B,True
https://www.bikedekho.com/emotorad/t-rex-plus-v3,model_page,200,2026-01-08,very_stale,275,1417,True,4.3,25,63,C,True
https://www.bikedekho.com/emotorad/t-rex-pro,model_page,200,2026-02-12,very_stale,240,1413,True,4.3,25,63,C,True
https://www.bikedekho.com/emotorad/st-x,model_page,200,2026-01-08,very_stale,275,1357,True,4.3,3,63,C,True
https://www.bikedekho.com/emotorad/neo,model_page,200,2026-01-08,very_stale,275,1433,True,3.7,1,70,B,True
https://www.bikedekho.com/emotorad/ranger-e-cycle,model_page,200,2026-06-18,stale,114,1442,True,4.3,25,65,B,True
https://www.bikedekho.com/emotorad/dope,model_page,200,2025-11-24,very_stale,320,1517,True,4.7,1,70,B,True
https://www.bikedekho.com/emotorad/viper,model_page,200,2026-10-08,fresh,2,1360,True,4.3,25,75,B,True
https://www.bikedekho.com/atumobile/version-1-0,model_page,200,2026-10-08,fresh,2,2348,True,4.0,19,82,A,True
https://www.bikedekho.com/atumobile/atum-vadar,model_page,200,2026-10-08,fresh,2,2144,True,4.5,14,82,A,True
https://www.bikedekho.com/geliose/hope,model_page,200,2026-01-08,very_stale,275,1655,True,3.8,1,70,B,True
https://www.bikedekho.com/white-carbon-motors/gt5,model_page,200,2026-09-11,recent,29,1795,True,4.4,5,79,B,True
https://www.bikedekho.com/white-carbon-motors/o3,model_page,200,2026-09-11,recent,29,1745,True,4.5,4,79,B,True
https://www.bikedekho.com/svitch-bike/xe-plus,model_page,200,2026-01-08,very_stale,275,1194,True,4.4,6,63,C,True
https://www.bikedekho.com/svitch-bike/xe,model_page,200,2026-02-10,very_stale,242,1373,True,4.3,25,63,C,True
https://www.bikedekho.com/svitch-bike/mxe,model_page,200,2026-01-08,very_stale,275,1314,True,4.3,25,63,C,True
https://www.bikedekho.com/svitch-bike/csr-762,model_page,200,2026-01-28,very_stale,255,2273,True,4.5,7,70,B,True
https://www.bikedekho.com/hop-electric/leo,model_page,200,2026-10-09,fresh,1,2284,True,4.0,8,82,A,True
https://www.bikedekho.com/hop-electric/oxo-100,model_page,200,2026-01-08,very_stale,275,2822,True,4.2,28,70,B,True
https://www.bikedekho.com/gravton/quanta,model_page,200,2026-10-09,fresh,1,2017,True,4.7,4,82,A,True
https://www.bikedekho.com/one-electric-motorcycles/kridn,model_page,200,2026-10-09,fresh,1,1966,True,4.5,6,82,A,True
https://www.bikedekho.com/warivo-motor/nexa,model_page,200,2026-10-08,fresh,2,1955,True,4.2,8,82,A,True
https://www.bikedekho.com/warivo-motor/crx,model_page,200,2026-10-06,fresh,4,1652,True,5.0,1,82,A,True
https://www.bikedekho.com/warivo-motor/nova,model_page,200,2026-10-06,fresh,4,1697,True,4.3,2,82,A,True
https://www.bikedekho.com/warivo-motor/warivo-edge,model_page,200,2026-10-09,fresh,1,1524,True,5.0,1,82,A,True
https://www.bikedekho.com/warivo-motor/warivo-neo,model_page,200,2026-10-09,fresh,1,2043,True,4.8,7,82,A,True
https://www.bikedekho.com/bsa/gold-star,model_page,200,2026-07-16,ageing,86,3031,True,4.5,14,82,A,True
https://www.bikedekho.com/bsa/electric-bikee,model_page,200,2026-03-30,very_stale,194,1264,True,,,57,C,True
https://www.bikedekho.com/bsa/scrambler-650,model_page,200,2026-07-28,ageing,74,2684,True,4.3,1,82,A,True
https://www.bikedekho.com/bsa/bantam-350,model_page,200,2026-06-30,stale,102,1449,True,,350,65,B,True
https://www.bikedekho.com/bsa/bsa-thunderbolt,model_page,200,2026-02-07,very_stale,245,619,True,,,45,D,True
https://www.bikedekho.com/rugged/g1,model_page,200,2026-01-08,very_stale,275,1549,True,4.0,1,70,B,True
https://www.bikedekho.com/ivoomi/s1,model_page,200,2026-01-28,very_stale,255,2140,True,4.4,4,70,B,True
https://www.bikedekho.com/ivoomi/jeet,model_page,200,2026-01-10,very_stale,273,2024,True,4.7,3,70,B,True
https://www.bikedekho.com/deltic/drixx,model_page,200,2026-10-08,fresh,2,2541,True,4.1,14,82,A,True
https://www.bikedekho.com/deltic/costa,model_page,200,2026-09-22,recent,18,1606,True,4.8,7,72,B,True
https://www.bikedekho.com/deltic/zgs,model_page,200,2026-06-18,stale,114,2311,True,4.1,7,72,B,True
https://www.bikedekho.com/deltic/trento,model_page,200,2026-06-18,stale,114,2313,True,4.1,7,72,B,True
https://www.bikedekho.com/deltic/legion,model_page,200,2026-10-09,fresh,1,2483,True,4.2,8,82,A,True
https://www.bikedekho.com/deltic/cs-plus,model_page,200,2026-06-18,stale,114,1650,True,4.7,107,67,B,True
https://www.bikedekho.com/bounce/e-scooter,model_page,200,2026-10-08,fresh,2,3429,True,4.2,65,90,A,True
https://www.bikedekho.com/boom-motors/bnc-challenger,model_page,200,2026-09-10,recent,30,2074,True,4.6,8,79,B,True
https://www.bikedekho.com/boom-motors/perfetto,model_page,200,2026-01-08,very_stale,275,1529,True,4.4,485,71,B,True
https://www.bikedekho.com/dao/vidyut-108,model_page,200,2026-01-09,very_stale,274,1672,True,4.5,2,70,B,True
https://www.bikedekho.com/dao/zor-405,model_page,200,2026-01-09,very_stale,274,1620,True,4.0,1,70,B,True
https://www.bikedekho.com/dao/model-703,model_page,200,2026-01-09,very_stale,274,1772,True,4.0,2,70,B,True
https://www.bikedekho.com/okaya/freedum,model_page,200,2026-10-09,fresh,1,2496,True,4.1,29,82,A,True
https://www.bikedekho.com/okaya/faast,model_page,200,2026-10-08,fresh,2,2590,True,3.7,35,82,A,True
https://www.bikedekho.com/okaya/faast-f2b,model_page,200,2026-10-08,fresh,2,2803,True,4.1,25,82,A,True
https://www.bikedekho.com/okaya/faast-f2f,model_page,200,2025-12-27,very_stale,287,2722,True,4.1,23,70,B,True
https://www.bikedekho.com/one-moto/electa,model_page,200,2026-01-28,very_stale,255,1525,True,5.0,1,70,B,True
https://www.bikedekho.com/one-moto/commuta,model_page,200,2026-01-10,very_stale,273,1488,True,4.4,485,71,B,True
https://www.bikedekho.com/one-moto/byka,model_page,200,2026-01-10,very_stale,273,1500,True,4.4,485,71,B,True
https://www.bikedekho.com/rbseva/legend,model_page,200,2025-12-09,very_stale,305,1454,True,4.2,8,63,C,True
https://www.bikedekho.com/rbseva/rider,model_page,200,2025-12-09,very_stale,305,1522,True,5.0,1,70,B,True
https://www.bikedekho.com/kinetic-green/zing,model_page,200,2026-10-08,fresh,2,2494,True,4.1,24,82,A,True
https://www.bikedekho.com/kinetic-green/zoom,model_page,200,2026-10-09,fresh,1,3463,True,3.9,16,89,A,True
https://www.bikedekho.com/kinetic-green/e-luna,model_page,200,2026-10-01,recent,9,4372,True,3.9,75,87,A,True
https://www.bikedekho.com/kinetic-green/flex,model_page,200,2026-01-16,very_stale,267,2864,True,4.1,11,70,B,True
https://www.bikedekho.com/kinetic-green/zulu,model_page,200,2026-01-16,very_stale,267,1795,True,4.1,3,70,B,True
https://www.bikedekho.com/kinetic-green/kinetic-green-electric-scooter,model_page,200,2025-08-12,very_stale,424,1329,True,,,59,C,True
https://www.bikedekho.com/kinetic-green/e-luna-prime,model_page,200,2026-01-16,very_stale,267,1910,True,4.2,8,70,B,True
https://www.bikedekho.com/oben/oben-electric-bike,model_page,200,2026-09-26,recent,14,3241,True,4.4,126,88,A,True
https://www.bikedekho.com/oben/rorr-ez,model_page,200,2026-10-07,fresh,3,3689,True,4.6,52,90,A,True
https://www.bikedekho.com/oben/rorr-ez-sigma,model_page,200,2026-08-06,ageing,65,4098,True,4.6,11,82,A,True
https://www.bikedekho.com/oben/rorr-evo,model_page,200,2026-10-09,fresh,1,2868,True,4.6,5,89,A,True
https://www.bikedekho.com/peugeot-motocycles/django-125,model_page,200,2025-07-04,very_stale,463,1212,True,,,52,C,False
https://www.bikedekho.com/zelio/gracy-pro,model_page,200,2026-10-09,fresh,1,1825,True,4.7,107,77,B,True
https://www.bikedekho.com/zelio/x-men,model_page,200,2026-10-08,fresh,2,2483,True,4.7,8,82,A,True
https://www.bikedekho.com/zelio/mystery,model_page,200,2026-10-09,fresh,1,1757,True,4.2,8,75,B,True
https://www.bikedekho.com/zelio/eeva-zx-plus,model_page,200,2026-10-09,fresh,1,1880,True,5.0,1,82,A,True
https://www.bikedekho.com/zelio/little-gracy,model_page,200,2026-10-07,fresh,3,1897,True,4.8,3,82,A,True
https://www.bikedekho.com/zelio/eeva-eco,model_page,200,2026-10-09,fresh,1,1917,True,4.9,2,82,A,True
https://www.bikedekho.com/zelio/legender-plus,model_page,200,2026-10-09,fresh,1,1699,True,4.6,46,75,B,True
https://www.bikedekho.com/zelio/legender-plus-premium,model_page,200,2026-10-09,fresh,1,1762,True,4.7,107,77,B,True
https://www.bikedekho.com/zelio/legender,model_page,200,2026-10-08,fresh,2,1797,True,3.8,1,82,A,True
https://www.bikedekho.com/zelio/eeva,model_page,200,2026-10-08,fresh,2,1986,True,4.7,4,82,A,True
https://www.bikedekho.com/zelio/gracy-plus,model_page,200,2026-10-08,fresh,2,1634,True,4.6,46,75,B,True
https://www.bikedekho.com/zelio/gracy-i,model_page,200,2026-10-07,fresh,3,2042,True,4.5,2,82,A,True
https://www.bikedekho.com/zelio/logix,model_page,200,2026-10-09,fresh,1,1641,True,4.6,46,75,B,True
https://www.bikedekho.com/zelio/x-men-plus,model_page,200,2026-10-08,fresh,2,1961,True,4.8,1,82,A,True
https://www.bikedekho.com/zelio/gracy,model_page,200,2026-10-08,fresh,2,1609,True,4.7,107,77,B,True
https://www.bikedekho.com/zelio/eeva-eco-lx,model_page,200,2026-08-18,ageing,53,1648,True,4.8,7,68,B,True
https://www.bikedekho.com/zelio/eeva-zx,model_page,200,2026-08-18,ageing,53,1691,True,4.7,107,70,B,True
https://www.bikedekho.com/zelio/eeva-eco-zx,model_page,200,2026-08-18,ageing,53,1667,True,4.8,7,68,B,True
https://www.bikedekho.com/zelio/logix-loader,model_page,200,2026-08-18,ageing,53,1640,True,4.7,107,70,B,True
https://www.bikedekho.com/revamp-moto/rm-mitra-02,model_page,200,2026-02-09,very_stale,243,1395,True,,,55,C,True
https://www.bikedekho.com/revamp-moto/rm-25-02,model_page,200,2026-10-01,recent,9,1794,True,3.6,2,79,B,True
https://www.bikedekho.com/srivaru-motors/prana,model_page,200,2026-09-17,recent,23,2158,True,4.7,9,79,B,True
https://www.bikedekho.com/nij-automotive/accelero-plus,model_page,200,2026-01-20,very_stale,263,1624,True,4.0,1,70,B,True
https://www.bikedekho.com/nij-automotive/accelero,model_page,200,2026-10-08,fresh,2,2456,True,4.5,19,89,A,True
https://www.bikedekho.com/nij-automotive/accelero-xpro,model_page,200,2026-01-20,very_stale,263,1813,True,4.9,3,70,B,True
https://www.bikedekho.com/jitendra-ev/jmt-1000,model_page,200,2026-10-09,fresh,1,1809,True,5.0,1,82,A,True
https://www.bikedekho.com/jitendra-ev/primo,model_page,200,2025-10-29,very_stale,346,1611,True,4.4,485,71,B,True
https://www.bikedekho.com/jitendra-ev/yunik,model_page,200,2026-01-09,very_stale,274,2256,True,4.4,485,78,B,True
https://www.bikedekho.com/shema-e-vehicle/shema-eagle,model_page,200,2026-10-09,fresh,1,1786,True,3.0,1,82,A,True
https://www.bikedekho.com/shema-e-vehicle/tuff,model_page,200,2026-01-09,very_stale,274,1636,True,5.0,1,70,B,True
https://www.bikedekho.com/shema-e-vehicle/bold,model_page,200,2026-01-28,very_stale,255,1576,True,4.2,1,70,B,True
https://www.bikedekho.com/shema-e-vehicle/hobby,model_page,200,2026-01-09,very_stale,274,1513,True,4.2,8,63,C,True
https://www.bikedekho.com/firefox/adventron,model_page,200,2026-01-27,very_stale,256,1324,True,4.5,2,70,B,True
https://www.bikedekho.com/firefox/urban-eco,model_page,200,2026-01-27,very_stale,256,1604,True,4.2,2,70,B,True
https://www.bikedekho.com/zontes/gk-350,model_page,200,2026-01-16,very_stale,267,3196,True,4.5,6,77,B,True
https://www.bikedekho.com/zontes/350x,model_page,200,2026-03-19,very_stale,205,2361,True,4.4,4,77,B,True
https://www.bikedekho.com/zontes/350r,model_page,200,2026-10-09,fresh,1,3296,True,4.4,21,89,A,True
https://www.bikedekho.com/zontes/350t,model_page,200,2026-04-24,stale,169,3175,True,4.0,6,79,B,True
https://www.bikedekho.com/zontes/350e,model_page,200,2026-02-06,very_stale,246,1028,True,,,57,C,True
https://www.bikedekho.com/zontes/u1-200,model_page,200,2025-07-04,very_stale,463,1399,True,,200,61,C,True
https://www.bikedekho.com/zontes/s350,model_page,200,2025-07-04,very_stale,463,1276,True,,,48,D,False
https://www.bikedekho.com/motovolt/hum,model_page,200,2026-01-22,very_stale,261,2002,True,4.0,1,70,B,True
https://www.bikedekho.com/motovolt/kivo,model_page,200,2026-01-06,very_stale,277,1495,True,4.8,4,63,C,True
https://www.bikedekho.com/motovolt/kivo-easy,model_page,200,2026-08-01,ageing,70,1693,True,4.3,3,75,B,True
https://www.bikedekho.com/motovolt/urbn-ebike,model_page,200,2026-10-08,fresh,2,2227,True,4.3,25,82,A,True
https://www.bikedekho.com/motovolt/kivo-24,model_page,200,2026-01-06,very_stale,277,1766,True,4.4,3,70,B,True
https://www.bikedekho.com/motovolt/m7,model_page,200,2026-10-09,fresh,1,1811,True,3.8,1,82,A,True
https://www.bikedekho.com/motovolt/mvs7,model_page,200,2026-01-06,very_stale,277,1707,True,4.5,1,70,B,True
https://www.bikedekho.com/eveium/cosmo,model_page,200,2026-01-10,very_stale,273,1735,True,3.9,2,70,B,True
https://www.bikedekho.com/eveium/comet,model_page,200,2026-02-01,very_stale,251,1618,True,4.8,2,70,B,True
https://www.bikedekho.com/eveium/czar,model_page,200,2026-01-10,very_stale,273,1597,True,4.0,2,70,B,True
https://www.bikedekho.com/vida/vida-v2,model_page,200,2026-10-09,fresh,1,4391,True,4.8,85,90,A,True
https://www.bikedekho.com/vida/vx2,model_page,200,2026-10-08,fresh,2,6479,True,4.8,157,92,A,True
https://www.bikedekho.com/vida/vxz-concept,model_page,200,2026-01-19,very_stale,264,1674,True,,,68,B,True
https://www.bikedekho.com/vida/ubex-concept,model_page,200,2025-12-03,very_stale,311,1161,True,,,57,C,True
https://www.bikedekho.com/vida/k3,model_page,200,2026-10-09,fresh,1,2036,True,3.3,1,89,A,True
https://www.bikedekho.com/vida/mx7-racing-concept,model_page,200,2025-11-04,very_stale,340,817,True,,,49,D,True
https://www.bikedekho.com/kyte-energy/magnum-pro,model_page,200,2026-10-08,fresh,2,1822,True,4.5,3,82,A,True
https://www.bikedekho.com/kyte-energy/x1,model_page,200,2026-01-09,very_stale,274,1546,True,4.2,8,63,C,True
https://www.bikedekho.com/kyte-energy/stella-r,model_page,200,2026-01-09,very_stale,274,1568,True,4.8,7,63,C,True
https://www.bikedekho.com/gogoro/s1-electric-scooter,model_page,200,2026-02-09,very_stale,243,2100,True,,,62,C,True
https://www.bikedekho.com/gogoro/gogoro-supersport,model_page,200,2026-02-06,very_stale,246,1083,True,,,65,B,True
https://www.bikedekho.com/gogoro/crossover,model_page,200,2026-02-09,very_stale,243,1513,True,,,54,C,True
https://www.bikedekho.com/matter-ev/aera,model_page,200,2026-10-08,fresh,2,4978,True,4.6,29,89,A,True
https://www.bikedekho.com/lectrix-ev/lxs,model_page,200,2026-09-12,recent,28,2497,True,4.4,9,79,B,True
https://www.bikedekho.com/lectrix-ev/sx25,model_page,200,2026-01-09,very_stale,274,2580,True,3.9,16,70,B,True
https://www.bikedekho.com/lectrix-ev/lxs-2,model_page,200,2026-02-09,very_stale,243,2109,True,4.3,3,77,B,True
https://www.bikedekho.com/lectrix-ev/lxs-3,model_page,200,2026-01-23,very_stale,260,1695,True,4.2,1,70,B,True
https://www.bikedekho.com/lectrix-ev/nduro,model_page,200,2026-10-07,fresh,3,2528,True,4.4,9,89,A,True
https://www.bikedekho.com/lectrix-ev/zyro,model_page,200,2026-10-06,fresh,4,1708,True,4.0,1,82,A,True
https://www.bikedekho.com/qj-motor/src-250,model_page,200,2026-02-26,very_stale,226,2334,True,4.8,5,70,B,True
https://www.bikedekho.com/qj-motor/src-500,model_page,200,2026-01-16,very_stale,267,1716,True,3.5,2,70,B,True
https://www.bikedekho.com/qj-motor/srk-400,model_page,200,2026-04-29,stale,164,2679,True,4.6,9,79,B,True
https://www.bikedekho.com/qj-motor/srv-300,model_page,200,2026-08-11,ageing,60,1680,True,4.2,1,75,B,True
https://www.bikedekho.com/raptee-motors/t-30,model_page,200,2026-10-07,fresh,3,3809,True,4.6,7,89,A,True
https://www.bikedekho.com/eko-tejas/e-dyroth,model_page,200,2026-02-09,very_stale,243,1610,True,,,62,C,True
https://www.bikedekho.com/numeros-motors/diplos-max-plus,model_page,200,2026-07-31,ageing,71,1648,True,4.4,485,76,B,True
https://www.bikedekho.com/numeros-motors/n-first,model_page,200,2026-02-15,very_stale,237,3306,True,4.4,485,78,B,True
https://www.bikedekho.com/mbp/m502n,model_page,200,2026-02-07,very_stale,245,1476,True,,,54,C,False
https://www.bikedekho.com/mbp/c1002v,model_page,200,2026-02-07,very_stale,245,1421,True,,,56,C,False
https://www.bikedekho.com/liger/liger-electric-scooter,model_page,200,2026-02-09,very_stale,243,1795,True,,,59,C,True
https://www.bikedekho.com/corrit-electric/transit,model_page,200,2026-01-30,very_stale,253,1710,True,4.7,5,70,B,True
https://www.bikedekho.com/igowise-mobility/beigo-x4,model_page,200,2026-10-09,fresh,1,1458,True,1.5,1,82,A,True
https://www.bikedekho.com/river/river-electric-scooter,model_page,200,2026-03-10,very_stale,214,3742,True,4.4,54,78,B,True
https://www.bikedekho.com/omega-seiki-mobility/mopido,model_page,200,2026-01-19,very_stale,264,1539,True,4.3,1,70,B,True
https://www.bikedekho.com/omega-seiki-mobility/vextra,model_page,200,2026-02-07,very_stale,245,1470,True,4.4,485,71,B,True
https://www.bikedekho.com/hornback/hornback-x1,model_page,200,2026-01-07,very_stale,276,1696,True,4.2,2,70,B,True
https://www.bikedekho.com/hornback/hornback-m1,model_page,200,2026-01-07,very_stale,276,1215,True,4.1,4,66,B,True
https://www.bikedekho.com/ozotec/flio,model_page,200,2026-10-07,fresh,3,1732,True,3.1,2,82,A,True
https://www.bikedekho.com/ozotec/bheem,model_page,200,2026-07-26,ageing,76,1966,True,4.2,15,75,B,True
https://www.bikedekho.com/thunderboltev/thunderbolt-electra,model_page,200,2026-01-19,very_stale,264,1440,True,5.0,1,70,B,True
https://www.bikedekho.com/quantum-energy/milan,model_page,200,2026-01-05,very_stale,278,1930,True,3.9,5,70,B,True
https://www.bikedekho.com/quantum-energy/bziness,model_page,200,2026-01-05,very_stale,278,1684,True,3.4,3,70,B,True
https://www.bikedekho.com/quantum-energy/plasma,model_page,200,2026-08-15,ageing,56,1614,True,3.9,2,75,B,True
https://www.bikedekho.com/udchalo/virbike-v1,model_page,200,2026-01-22,very_stale,261,1377,True,3.7,2,63,C,True
https://www.bikedekho.com/udchalo/virbike-v2,model_page,200,2026-01-22,very_stale,261,1702,True,5.0,1,70,B,True
https://www.bikedekho.com/udchalo/virbike-v3,model_page,200,2026-01-22,very_stale,261,1356,True,4.3,25,63,C,True
https://www.bikedekho.com/yulu/wynn,model_page,200,2026-02-11,very_stale,241,3191,True,4.6,54,78,B,True
https://www.bikedekho.com/e-sprinto-electric/e-sprinto,model_page,200,2025-12-24,very_stale,290,1963,True,4.0,4,70,B,True
https://www.bikedekho.com/e-sprinto-electric/sprinto,model_page,200,2025-12-24,very_stale,290,1623,True,5.0,1,70,B,True
https://www.bikedekho.com/e-sprinto-electric/rapo,model_page,200,2025-12-24,very_stale,290,1466,True,4.6,46,63,C,True
https://www.bikedekho.com/e-sprinto-electric/roamy,model_page,200,2025-12-24,very_stale,290,1589,True,3.7,1,70,B,True
https://www.bikedekho.com/e-sprinto-electric/g-1,model_page,200,2026-10-07,fresh,3,1114,True,,,66,B,True
https://www.bikedekho.com/energy-automobile/evone,model_page,200,2026-08-01,ageing,70,1559,True,3.7,1,75,B,True
https://www.bikedekho.com/adms/maevel,model_page,200,2026-01-19,very_stale,264,1829,True,4.7,6,70,B,True
https://www.bikedekho.com/adms/mantra,model_page,200,2026-10-07,fresh,3,1934,True,4.3,10,82,A,True
https://www.bikedekho.com/adms/ttx,model_page,200,2026-01-19,very_stale,264,1666,True,4.8,4,70,B,True
https://www.bikedekho.com/adms/db,model_page,200,2026-01-19,very_stale,264,1604,True,5.0,1,70,B,True
https://www.bikedekho.com/adms/eva,model_page,200,2026-10-09,fresh,1,1704,True,4.6,6,82,A,True
https://www.bikedekho.com/adms/gtr,model_page,200,2026-10-08,fresh,2,2011,True,4.7,11,82,A,True
https://www.bikedekho.com/adms/phantom,model_page,200,2026-01-19,very_stale,264,1455,True,5.0,1,70,B,True
https://www.bikedekho.com/adms/adms-alpha,model_page,200,2026-01-31,very_stale,252,1424,True,4.6,5,63,C,True
https://www.bikedekho.com/sokudo/acute,model_page,200,2026-10-07,fresh,3,1689,True,5.0,2,82,A,True
https://www.bikedekho.com/sokudo/select,model_page,200,2026-06-16,stale,116,1604,True,5.0,1,72,B,True
https://www.bikedekho.com/sokudo/rapid,model_page,200,2026-06-16,stale,116,1540,True,4.4,485,73,B,True
https://www.bikedekho.com/sokudo/plus,model_page,200,2026-10-09,fresh,1,1598,True,4.7,2,82,A,True
https://www.bikedekho.com/sokudo/acute-2-2,model_page,200,2026-06-16,stale,116,1569,True,4.4,485,73,B,True
https://www.bikedekho.com/sokudo/pace,model_page,200,2026-06-16,stale,116,1338,True,4.2,8,65,B,True
https://www.bikedekho.com/herald/herald-legend,model_page,200,2025-12-31,very_stale,283,1565,True,4.4,2,70,B,True
https://www.bikedekho.com/herald/herald-rider,model_page,200,2025-12-31,very_stale,283,1475,True,3.5,2,70,B,True
https://www.bikedekho.com/herald/royal,model_page,200,2025-12-31,very_stale,283,1483,True,3.7,1,70,B,True
https://www.bikedekho.com/fujiyama/ozone,model_page,200,2026-01-27,very_stale,256,1605,True,4.0,2,70,B,True
https://www.bikedekho.com/fujiyama/spectra,model_page,200,2025-12-31,very_stale,283,1851,True,4.5,8,70,B,True
https://www.bikedekho.com/fujiyama/spectra-pro,model_page,200,2026-01-27,very_stale,256,1554,True,2.8,1,70,B,True
https://www.bikedekho.com/delevery/u1-electric,model_page,200,2025-12-31,very_stale,283,1699,True,4.0,2,70,B,True
https://www.bikedekho.com/eblu/feo,model_page,200,2026-04-27,stale,166,2104,True,3.7,4,72,B,True
https://www.bikedekho.com/eblu/eblu-spin,model_page,200,2026-02-07,very_stale,245,1093,True,,,54,C,True
https://www.bikedekho.com/eblu/thrill,model_page,200,2026-02-07,very_stale,245,1248,True,,,62,C,True
https://www.bikedekho.com/eblu/feo-z,model_page,200,2026-02-07,very_stale,245,1180,True,,,54,C,True
https://www.bikedekho.com/maruthisan/ms-3,model_page,200,2025-12-31,very_stale,283,1590,True,4.0,1,70,B,True
https://www.bikedekho.com/maruthisan/dream-plus,model_page,200,2026-01-27,very_stale,256,1552,True,4.2,2,70,B,True
https://www.bikedekho.com/maruthisan/beat,model_page,200,2026-01-27,very_stale,256,1538,True,4.4,2,70,B,True
https://www.bikedekho.com/maruthisan/maruthisan-racer,model_page,200,2025-12-31,very_stale,283,1478,True,4.9,2,77,B,True
https://www.bikedekho.com/abzo/vs01,model_page,200,2026-10-09,fresh,1,2023,True,4.8,10,82,A,True
https://www.bikedekho.com/abzo/sigilo,model_page,200,2025-12-31,very_stale,283,1381,True,4.4,485,71,B,True
https://www.bikedekho.com/runr/hs-electric,model_page,200,2025-12-31,very_stale,283,1567,True,4.4,485,71,B,True
https://www.bikedekho.com/flycon-motors/flycon-t3,model_page,200,2025-12-30,very_stale,284,1506,True,4.2,8,63,C,True
https://www.bikedekho.com/flycon-motors/flycon-empire-plus,model_page,200,2026-01-22,very_stale,261,1773,True,4.4,3,70,B,True
https://www.bikedekho.com/flycon-motors/flycon-empire,model_page,200,2025-12-30,very_stale,284,1803,True,4.2,2,70,B,True
https://www.bikedekho.com/flycon-motors/flycon-grove,model_page,200,2025-12-30,very_stale,284,1542,True,3.7,1,70,B,True
https://www.bikedekho.com/flycon-motors/flycon-bright,model_page,200,2026-01-23,very_stale,260,1442,True,4.2,8,63,C,True
https://www.bikedekho.com/e-went/marium,model_page,200,2025-12-30,very_stale,284,1527,True,4.7,107,65,B,True
https://www.bikedekho.com/e-went/rabbitor,model_page,200,2026-10-09,fresh,1,1773,True,4.3,3,82,A,True
https://www.bikedekho.com/iscoot/scoot-1,model_page,200,2026-02-26,very_stale,226,1756,True,4.6,3,70,B,True
https://www.bikedekho.com/jhev/delta-r3,model_page,200,2026-09-08,ageing,32,1792,True,5.0,3,75,B,True
https://www.bikedekho.com/jhev/delta-v6,model_page,200,2026-01-22,very_stale,261,1686,True,4.5,2,70,B,True
https://www.bikedekho.com/jhev/delta-e5,model_page,200,2026-01-22,very_stale,261,1694,True,4.2,1,70,B,True
https://www.bikedekho.com/jhev/alfa-k1,model_page,200,2026-01-22,very_stale,261,1678,True,4.7,1,70,B,True
https://www.bikedekho.com/jhev/alfa-r1,model_page,200,2026-01-22,very_stale,261,1822,True,2.9,2,70,B,True
https://www.bikedekho.com/jhev/alfa-r3,model_page,200,2026-01-22,very_stale,261,1704,True,4.2,1,70,B,True
https://www.bikedekho.com/jhev/alfa-r5,model_page,200,2026-01-22,very_stale,261,1723,True,3.1,2,70,B,True
https://www.bikedekho.com/mx-moto/m16,model_page,200,2026-10-08,fresh,2,1875,True,4.5,5,82,A,True
https://www.bikedekho.com/mx-moto/mxv,model_page,200,2026-01-27,very_stale,256,1593,True,1.0,1,70,B,True
https://www.bikedekho.com/mx-moto/mx9,model_page,200,2026-02-16,very_stale,236,1782,True,4.3,8,70,B,True
https://www.bikedekho.com/mx-moto/mg-pro,model_page,200,2026-10-09,fresh,1,1804,True,4.2,2,82,A,True
https://www.bikedekho.com/seeka/sbolt,model_page,200,2025-12-19,very_stale,295,1615,True,5.0,1,70,B,True
https://www.bikedekho.com/seeka/sseagun,model_page,200,2025-12-19,very_stale,295,1748,True,4.7,4,70,B,True
https://www.bikedekho.com/seeka/vatsal250,model_page,200,2025-12-19,very_stale,295,1478,True,4.6,46,63,C,True
https://www.bikedekho.com/seeka/sflash250,model_page,200,2025-12-19,very_stale,295,1479,True,4.8,7,63,C,True
https://www.bikedekho.com/seeka/sx150e,model_page,200,2026-02-07,very_stale,245,1025,True,,,54,C,True
https://www.bikedekho.com/seeka/sting-ray,model_page,200,2026-02-20,very_stale,232,1588,True,4.6,5,63,C,True
https://www.bikedekho.com/seeka/syd,model_page,200,2026-02-20,very_stale,232,1564,True,4.4,485,71,B,True
https://www.bikedekho.com/brixton-motorcycles/crossfire-500,model_page,200,2026-01-27,very_stale,256,2257,True,4.4,4,77,B,True
https://www.bikedekho.com/brixton-motorcycles/cromwell-1200,model_page,200,2025-12-31,very_stale,283,2285,True,3.8,3,70,B,True
https://www.bikedekho.com/brixton-motorcycles/crossfire-500-storr,model_page,200,2026-04-30,stale,163,1831,True,,,56,C,False
https://www.bikedekho.com/zelo/zoop,model_page,200,2026-10-07,fresh,3,2350,True,4.3,14,82,A,True
https://www.bikedekho.com/zelo/knight,model_page,200,2026-10-09,fresh,1,1653,True,5.0,1,82,A,True
https://www.bikedekho.com/zelo/zaeden,model_page,200,2025-12-31,very_stale,283,1665,True,5.0,1,70,B,True
https://www.bikedekho.com/zelo/zaeden-plus,model_page,200,2025-12-31,very_stale,283,1537,True,4.2,8,63,C,True
https://www.bikedekho.com/zelo/knight-plus,model_page,200,2026-10-09,fresh,1,1679,True,3.9,2,82,A,True
https://www.bikedekho.com/elecson/fat-tyre,model_page,200,2026-01-23,very_stale,260,1241,True,3.8,3,59,C,True
https://www.bikedekho.com/elecson/folding,model_page,200,2026-01-23,very_stale,260,1492,True,4.8,4,70,B,True
https://www.bikedekho.com/elecson/elecson-eco,model_page,200,2026-01-23,very_stale,260,1582,True,4.5,10,70,B,True
https://www.bikedekho.com/elecson/ladybird,model_page,200,2026-01-23,very_stale,260,1432,True,4.6,5,70,B,True
https://www.bikedekho.com/elecson/elecson-alpha,model_page,200,2026-01-22,very_stale,261,1239,True,4.3,25,59,C,True
https://www.bikedekho.com/elecson/ultra-pro,model_page,200,2026-01-22,very_stale,261,1294,True,3.7,1,59,C,True
https://www.bikedekho.com/elecson/elecson-zx,model_page,200,2026-01-22,very_stale,261,1227,True,4.7,3,59,C,True
https://www.bikedekho.com/vlf/mobster-135,model_page,200,2026-10-07,fresh,3,2554,True,4.8,2,89,A,True
https://www.bikedekho.com/vlf/mobster-180,model_page,200,2026-10-08,fresh,2,1176,True,,,69,B,True
https://www.bikedekho.com/vlf/tennis-1500,model_page,200,2025-12-30,very_stale,284,1418,True,4.4,485,71,B,True
https://www.bikedekho.com/gaura-electric/sniper-5g,model_page,200,2026-10-09,fresh,1,1652,True,4.8,7,75,B,True
https://www.bikedekho.com/gaura-electric/warrior-5g,model_page,200,2026-10-09,fresh,1,1733,True,4.7,1,82,A,True
https://www.bikedekho.com/gaura-electric/partner-5g,model_page,200,2025-12-22,very_stale,292,1654,True,4.2,8,63,C,True
https://www.bikedekho.com/gaura-electric/g5,model_page,200,2025-12-22,very_stale,292,1631,True,4.2,8,63,C,True
https://www.bikedekho.com/gaura-electric/g6,model_page,200,2026-10-09,fresh,1,1620,True,4.4,485,83,A,True
https://www.bikedekho.com/creatara-mobility/in40,model_page,200,2025-08-12,very_stale,424,865,True,,,49,D,True
https://www.bikedekho.com/creatara-mobility/vm4,model_page,200,2025-08-12,very_stale,424,860,True,,,49,D,True
https://www.bikedekho.com/yakuza-electric/rubie,model_page,200,2026-10-07,fresh,3,2430,True,4.8,7,82,A,True
https://www.bikedekho.com/yakuza-electric/neu,model_page,200,2026-10-09,fresh,1,1837,True,5.0,2,82,A,True
https://www.bikedekho.com/yakuza-electric/duster,model_page,200,2026-10-07,fresh,3,1477,True,4.8,7,75,B,True
https://www.bikedekho.com/yakuza-electric/zunaid,model_page,200,2026-07-15,ageing,87,1692,True,4.8,7,68,B,True
https://www.bikedekho.com/yakuza-electric/cherry,model_page,200,2026-07-16,ageing,86,1688,True,4.8,7,68,B,True
https://www.bikedekho.com/yakuza-electric/asva,model_page,200,2026-07-16,ageing,86,1660,True,4.8,7,68,B,True
https://www.bikedekho.com/yakuza-electric/rush,model_page,200,2026-10-08,fresh,2,1661,True,4.8,7,75,B,True
https://www.bikedekho.com/yakuza-electric/lucka,model_page,200,2026-10-09,fresh,1,1755,True,5.0,1,82,A,True
https://www.bikedekho.com/opg-mobility/defy-22,model_page,200,2025-12-27,very_stale,287,1565,True,4.4,485,71,B,True
https://www.bikedekho.com/opg-mobility/opg-freedum,model_page,200,2025-12-27,very_stale,287,1552,True,4.6,46,63,C,True
https://www.bikedekho.com/opg-mobility/opg-faast-f2f,model_page,200,2025-12-27,very_stale,287,1603,True,4.2,8,63,C,True
https://www.bikedekho.com/opg-mobility/opg-faast-f2b,model_page,200,2025-12-27,very_stale,287,1604,True,4.4,485,71,B,True
https://www.bikedekho.com/opg-mobility/opg-faast-f4,model_page,200,2025-12-27,very_stale,287,1600,True,4.4,485,71,B,True
https://www.bikedekho.com/opg-mobility/fev-650,model_page,200,2026-09-16,recent,24,1572,True,4.6,5,72,B,True
https://www.bikedekho.com/vinfast/vento-s,model_page,200,2025-11-28,very_stale,316,1150,True,,,54,C,True
https://www.bikedekho.com/green-ev/udaan,model_page,200,2026-10-09,fresh,1,1470,True,5.0,1,82,A,True
https://www.bikedekho.com/green-ev/sunny,model_page,200,2026-10-04,fresh,6,1466,True,5.0,1,82,A,True
https://www.bikedekho.com/green-ev/invicta,model_page,200,2026-08-24,ageing,47,1501,True,4.8,7,68,B,True
https://www.bikedekho.com/green-ev/invicta-super,model_page,200,2025-11-29,very_stale,315,1555,True,4.7,107,65,B,True
https://www.bikedekho.com/green-ev/vista,model_page,200,2026-09-10,recent,30,1503,True,4.8,7,72,B,True
https://www.bikedekho.com/green-ev/loader,model_page,200,2026-10-08,fresh,2,1502,True,4.2,8,75,B,True
https://www.bikedekho.com/91-electric/rx1,model_page,200,2026-01-14,very_stale,269,1596,True,4.8,7,63,C,True
https://www.bikedekho.com/91-electric/fx1,model_page,200,2026-01-14,very_stale,269,1634,True,4.6,46,63,C,True
https://www.bikedekho.com/electricpe/xypro,model_page,200,2026-02-07,very_stale,245,1569,True,4.8,7,63,C,True
https://www.bikedekho.com/electricpe/jett,model_page,200,2026-02-07,very_stale,245,1548,True,4.6,46,63,C,True
https://www.bikedekho.com/aoki/flex-go,model_page,200,2026-05-07,stale,156,1404,True,4.3,25,65,B,True
https://www.bikedekho.com/aoki/sherpa-m1,model_page,200,2026-05-07,stale,156,1404,True,4.3,25,65,B,True
https://www.bikedekho.com/aoki/sherpa-z1,model_page,200,2026-05-07,stale,156,1610,True,5.0,1,72,B,True
https://www.bikedekho.com/aoki/lynx-ht,model_page,200,2026-05-07,stale,156,1397,True,4.3,25,65,B,True
https://www.bikedekho.com/aoki/street-mamba,model_page,200,2026-05-07,stale,156,1392,True,4.3,25,65,B,True
https://www.bikedekho.com/aoki/street-ghost,model_page,200,2026-05-07,stale,156,1413,True,4.3,25,65,B,True
https://www.bikedekho.com/aoki/cadence-gl,model_page,200,2026-08-12,ageing,59,1385,True,4.3,25,68,B,True
https://www.bikedekho.com/zero-motorcycles/lompico-concept,model_page,200,2026-06-05,stale,127,764,True,,,48,D,True
https://www.bikedekho.com/avore/ex1,model_page,200,2026-10-07,fresh,3,2271,True,4.6,5,82,A,True
https://www.bikedekho.com/avore/ex2,model_page,200,2026-10-09,fresh,1,2422,True,4.6,5,82,A,True
https://www.bikedekho.com/avore/ex2s,model_page,200,2026-09-29,recent,11,1625,True,4.6,5,72,B,True
https://www.bikedekho.com/e3-electric/trion,model_page,200,2026-10-08,fresh,2,2590,True,4.4,485,90,A,True
